"Date_","Open","High","Low","Close","Change","ChangeP","Volume"
"2019-04-05T00:00:00.000Z",48,48.2,45.75,46.15,0.05000305,0.10846649307641658,14321500
"2019-04-08T00:00:00.000Z",45.74,46,43.85,45.09,-1.060001,-2.2968601885837443,1364000
"2019-04-09T00:00:00.000Z",45.21,46.2,44,45.24,0.1500015,0.3326713350855401,674500
"2019-04-10T00:00:00.000Z",45.35,45.67,42.98,43.11,-2.130001,-4.708224918032164,252500
"2019-04-11T00:00:00.000Z",41.75,45.23,41.75,44.78,1.669998,3.873806361688408,460000
"2019-04-12T00:00:00.000Z",44.99,46.3,44.64,46.06,1.280003,2.858425827942775,1000000
"2019-04-15T00:00:00.000Z",45.21,46.48,45.01,45.6,-0.4600029,-0.9987035845366827,347000
"2019-04-16T00:00:00.000Z",46.21,46.21,44.51,45.01,-0.5900002,-1.2938600820444734,238000
"2019-04-17T00:00:00.000Z",45,45.1,43.06,43.79,-1.219997,-2.7105022913020855,143500
"2019-04-18T00:00:00.000Z",43.8,45.7,43.8,45.19,1.399998,3.197072244938468,166500
"2019-04-19T00:00:00.000Z",45.29,46.99,45.21,46.47,1.280003,2.832491889742768,579000
"2019-04-22T00:00:00.000Z",46.4,46.4,45.4,45.58,-0.8899994,-1.9152128502071812,322500
"2019-04-23T00:00:00.000Z",45.6,46.49,43.31,44.32,-1.260002,-2.76437460445921,983500
"2019-04-24T00:00:00.000Z",44.25,46,44.01,45.67,1.349998,3.04602423077508,282000
"2019-04-25T00:00:00.000Z",45.11,46.1,45.11,45.95,0.2800026,0.6130996626682532,83500
"2019-04-26T00:00:00.000Z",45.5,46,45,45.68,-0.2700005,-0.5875962939325756,193500
"2019-04-29T00:00:00.000Z",45.36,45.63,44.5,44.58,-1.099998,-2.4080517691791496,181000
"2019-04-30T00:00:00.000Z",44,44.34,43.65,44.04,-0.5400009,-1.2113075125577217,78500
"2019-05-02T00:00:00.000Z",44,44.08,43.21,43.86,-0.1800003,-0.40872002446376,40500
"2019-05-03T00:00:00.000Z",43.41,43.6,42.86,42.96,-0.9000015,-2.0519869339265755,32500
"2019-05-06T00:00:00.000Z",43.07,43.91,41,41.25,-1.709999,-3.980444692282232,266500
"2019-05-07T00:00:00.000Z",40,42.95,40,42.83,1.580002,3.830308064499785,241000
"2019-05-08T00:00:00.000Z",41.75,42.78,41.55,42.06,-0.7700005,-1.7978064230935509,122500
"2019-05-09T00:00:00.000Z",42.01,42.45,41.11,42.2,0.1399994,0.33285639087698915,224500
"2019-05-10T00:00:00.000Z",42.45,42.5,41.3,41.86,-0.3400002,-0.8056876739066935,71500
"2019-05-13T00:00:00.000Z",42.31,42.89,39.77,39.84,-2.02,-4.825609173435259,1315000
"2019-05-14T00:00:00.000Z",39.6,41.83,39.6,40.95,1.110001,2.786147158286826,586000
"2019-05-15T00:00:00.000Z",41.05,42.99,41,42.66,1.709999,4.175821631848069,155000
"2019-05-16T00:00:00.000Z",42.35,42.4,40.53,41.3,-1.360001,-3.188000394092818,306500
"2019-05-17T00:00:00.000Z",41.3,41.3,39.3,40.04,-1.259998,-3.0508427627526755,241000
"2019-05-20T00:00:00.000Z",39,42,38.06,41.11,1.07,2.6723276723276723,1105500
"2019-05-21T00:00:00.000Z",40.5,41.94,40,41,-0.1100006,-0.26757625491253334,205500
"2019-05-22T00:00:00.000Z",41.25,43.05,41.01,43.03,2.029999,4.951216952409343,423500
"2019-05-23T00:00:00.000Z",43.4,44.5,43.1,43.5,0.4700012,1.0922640323197035,253500
"2019-05-24T00:00:00.000Z",43,44,42.01,43.66,0.1599998,0.36781563049280175,122000
"2019-05-27T00:00:00.000Z",43.99,43.99,42.51,43.33,-0.329998,-0.7558360401207531,111500
"2019-05-28T00:00:00.000Z",42.5,42.5,41.17,41.19,-2.140003,-4.9388480310052145,207500
"2019-05-29T00:00:00.000Z",41.82,42.99,41.2,42.27,1.080002,2.62200061286723,487000
"2019-05-30T00:00:00.000Z",42.5,44,41.24,42.76,0.4899979,1.159209547330493,233500
"2019-06-03T00:00:00.000Z",42.25,42.25,41.67,41.85,-0.9099998,-2.1281566984478797,44000
"2019-06-10T00:00:00.000Z",40.45,41.65,40,41.52,-0.329998,-0.7885257246607275,115500
"2019-06-11T00:00:00.000Z",40.01,42.5,40,41.82,0.2999992,0.7225414118970828,78000
"2019-06-12T00:00:00.000Z",41.99,43.4,41,42.61,0.7900009,1.8890504949819573,121500
"2019-06-13T00:00:00.000Z",43.35,44,42.65,43.61,1,2.346866932644919,1787000
"2019-06-14T00:00:00.000Z",44,45.79,42.4,44.91,1.299999,2.9809653065589243,550000
"2019-06-17T00:00:00.000Z",45,45,43.51,44.2,-0.7099991,-1.5809376847660637,88000
"2019-06-18T00:00:00.000Z",43.21,44.99,41.99,43.24,-0.9599991,-2.171943709383469,436500
"2019-06-19T00:00:00.000Z",43.15,43.65,43,43.4,0.1599998,0.3700272878352115,87500
"2019-06-20T00:00:00.000Z",43.99,43.99,43.2,43.47,0.06999969,0.16128960714286228,200000
"2019-06-21T00:00:00.000Z",43.49,43.75,43,43.36,-0.1100006,-0.2530494559045394,79000
"2019-06-24T00:00:00.000Z",43.25,43.25,41.4,41.85,-0.2600021,-0.6174354952121933,29500
"2019-06-25T00:00:00.000Z",41.02,42.8,41,42.07,0.2200012,0.5256898597569375,41500
"2019-06-26T00:00:00.000Z",41.55,42.8,40.52,42.5,0.4300003,1.02210673417238,128000
"2019-06-27T00:00:00.000Z",42.7,43,41,42.48,-0.02000046,-0.04705990537299868,251500
"2019-06-28T00:00:00.000Z",41.75,44.6,41.45,44.27,1.790001,4.2137500991937396,587500
"2019-07-01T00:00:00.000Z",43.76,44,43.7,43.73,-0.5400009,-1.2197896747727421,29500
"2019-07-02T00:00:00.000Z",43.31,43.9,43.3,43.67,-0.06000137,-0.13720870825575276,62500
"2019-07-03T00:00:00.000Z",43.02,44,43,43.91,0.2400017,0.5495802824430155,96000
"2019-07-04T00:00:00.000Z",44.4,44.48,43.35,43.76,-0.1500015,-0.3416112386149657,56000
"2019-07-05T00:00:00.000Z",43.27,45.49,42.85,44.34,0.5800018,1.3254155024165426,62500
"2019-07-08T00:00:00.000Z",44.8,44.8,42.73,42.94,-1.400002,-3.1574243050327335,480000
"2019-07-09T00:00:00.000Z",43.05,43.8,43.05,43.13,0.1900024,0.4424834900316808,119000
"2019-07-10T00:00:00.000Z",43.3,43.5,43,43.1,-0.03000259,-0.0695631537173993,207000
"2019-07-11T00:00:00.000Z",43.8,43.8,42.55,43.29,0.1900024,0.44084085981480425,30500
"2019-07-12T00:00:00.000Z",42.7,43.47,42.4,42.87,-0.420002,-0.9702055453820493,66500
"2019-07-15T00:00:00.000Z",42.4,42.49,41.84,42.29,-0.579998,-1.3529228529471824,26500
"2019-07-16T00:00:00.000Z",41.95,42.5,41.22,42.45,0.1599998,0.378339558390449,37500
"2019-07-17T00:00:00.000Z",42.25,42.95,42,42.54,0.09000015,0.21201448838167664,92000
"2019-07-18T00:00:00.000Z",42,42,41,41.28,-1.260002,-2.9619227568442525,15500
"2019-07-19T00:00:00.000Z",41.1,41.5,39.75,41.05,-0.2299995,-0.5571693381440085,535500
"2019-07-22T00:00:00.000Z",40.55,41.95,40.35,41.62,0.5699997,1.3885498071482352,55500
"2019-07-23T00:00:00.000Z",41.5,41.89,41,41.32,-0.2999992,-0.7208053958828524,20000
"2019-07-24T00:00:00.000Z",40.56,40.9,39.26,39.87,-1.450001,-3.509198850213,157000
"2019-07-25T00:00:00.000Z",39.17,40.39,39.17,39.85,-0.02000046,-0.05016418301792014,35000
"2019-07-26T00:00:00.000Z",39.27,40.95,39.1,40.74,0.8900032,2.233383366294273,62500
"2019-07-29T00:00:00.000Z",41.01,41.01,39.86,40.43,-0.3100014,-0.760926336148825,17000
"2019-07-30T00:00:00.000Z",39.51,40.99,39.4,40.53,0.09999847,0.24733728967533877,85500
"2019-07-31T00:00:00.000Z",39.31,40.45,39.31,40,-0.5299988,-1.3076704063460274,547500
"2019-08-01T00:00:00.000Z",39.97,40,39.97,39.99,-0.009998322,-0.024995806048574064,23000
"2019-08-02T00:00:00.000Z",39.94,40,39.5,39.89,-0.1000023,-0.25006825268424654,9000
"2019-08-05T00:00:00.000Z",38.67,39,38.6,38.73,-1.16,-2.9079969917272503,37500
"2019-08-06T00:00:00.000Z",38.9,39,38.05,38.52,-0.2099991,-0.5422130257679246,27500
"2019-08-07T00:00:00.000Z",38.3,40.44,36.77,38.88,0.3600006,0.9345810114420717,391000
"2019-08-08T00:00:00.000Z",37.81,39,37.75,38.94,0.05999756,0.1543147022497975,48500
"2019-08-09T00:00:00.000Z",38.99,39.99,38.4,39.46,0.5200005,1.3353890772392023,79500
"2019-08-16T00:00:00.000Z",38.85,39,38.3,38.59,-0.8699989,-2.204761592124626,21000
"2019-08-19T00:00:00.000Z",38.67,39.5,38.63,39,0.4099998,1.0624508885076398,66500
"2019-08-20T00:00:00.000Z",39,40.15,39,39.98,0.9799995,2.5128191985536,160000
"2019-08-21T00:00:00.000Z",39.98,40.4,39.5,40.2,0.2200012,0.5502781555861377,50500
"2019-08-22T00:00:00.000Z",40.24,41.8,40.15,41.73,1.529999,3.8059675670157325,97000
"2019-08-23T00:00:00.000Z",41.9,42.3,40.1,40.88,-0.8499985,-2.0369003847436034,78000
"2019-08-26T00:00:00.000Z",40.01,40.88,39.5,40.55,-0.3300018,-0.8072450720880351,38500
"2019-08-27T00:00:00.000Z",39.9,40.75,39.9,40.05,-0.5,-1.2330456226880395,264000
"2019-08-28T00:00:00.000Z",40,40.06,38.75,39.04,-1.009998,-2.521842822563936,307500
"2019-08-29T00:00:00.000Z",38.53,39.02,38.52,38.65,-0.3899994,-0.998973888303902,7500
"2019-08-30T00:00:00.000Z",38.64,40.58,37.6,39.92,1.269997,3.2858910774211325,486500
"2019-09-02T00:00:00.000Z",39.53,40.49,38.67,39.95,0.03000259,0.07515679345330899,1003500
"2019-09-03T00:00:00.000Z",39.52,40,39.5,39.66,-0.2900009,-0.7259096206928997,289500
"2019-09-04T00:00:00.000Z",39.1,40,39,39.89,0.2299995,0.5799281318718087,49500
"2019-09-05T00:00:00.000Z",39.35,40.45,39.35,39.73,-0.1599998,-0.40110253397394097,35000
"2019-09-06T00:00:00.000Z",39,40,38.5,39.7,-0.02999878,-0.07550662200146183,40500
"2019-09-11T00:00:00.000Z",39.5,40.5,39.31,40.01,0.3099976,0.7808503306286955,255500
"2019-09-12T00:00:00.000Z",39.71,40.5,39.71,39.95,-0.05999756,-0.14995642004233103,391500
"2019-09-13T00:00:00.000Z",39.99,40.3,39.8,40.11,0.1599998,0.4005001231514387,18000
"2019-09-16T00:00:00.000Z",39.25,40,39.25,39.93,-0.1800003,-0.4487666383787088,29500
"2019-09-17T00:00:00.000Z",40,40.75,39.9,40.25,0.3199997,0.8014016969591657,147500
"2019-09-18T00:00:00.000Z",40,40.35,39.63,39.73,-0.5200005,-1.2919266920257553,86500
"2019-09-19T00:00:00.000Z",39.25,40.25,39.25,39.99,0.2600021,0.654422637158005,315500
"2019-09-20T00:00:00.000Z",40.4,40.4,39.61,40,0.009998322,0.025002054464780012,121500
"2019-09-23T00:00:00.000Z",40,40.69,39.5,39.93,-0.06999969,-0.17499922635624401,67500
"2019-09-24T00:00:00.000Z",41.61,41.92,41.2,41.92,1.989998,4.983716254259141,1090000
"2019-09-25T00:00:00.000Z",44.01,44.01,44.01,44.01,2.09,4.985687022900763,54000
"2019-09-26T00:00:00.000Z",44.5,45.5,43,44.21,0.2000008,0.4544439982630129,386000
"2019-09-27T00:00:00.000Z",43.52,45,43,44.13,-0.07999802,-0.1809500646523666,479500
"2019-09-30T00:00:00.000Z",44.13,44.5,43.65,43.93,-0.2000008,-0.45320824014125105,86000
"2019-10-01T00:00:00.000Z",44,44.75,43.4,44.22,0.2900009,0.660143195859979,213000
"2019-10-02T00:00:00.000Z",44.43,44.53,43.9,44.39,0.1699982,0.3844373430125007,253500
"2019-10-03T00:00:00.000Z",43.88,44.77,43.21,44.15,1.510002,3.5412806539062225,1850000
"2019-10-04T00:00:00.000Z",44.15,45.3,43.8,44.58,0.4300003,0.973953121000814,271000
"2019-10-07T00:00:00.000Z",44.49,46,43.51,45.33,0.75,1.6823687752355316,202000
"2019-10-08T00:00:00.000Z",45.2,46.01,44.9,45.3,-0.03000259,-0.0661870467367207,318500
"2019-10-09T00:00:00.000Z",45.1,46.39,45.06,46.1,0.7999992,1.7660026178189383,522500
"2019-10-10T00:00:00.000Z",46.25,46.5,45.8,46.12,0.02000046,0.04338494620297344,666000
"2019-10-11T00:00:00.000Z",46.39,46.5,45.5,45.75,-0.3699989,-0.802252621042452,242500
"2019-10-14T00:00:00.000Z",45.5,46.3,45.5,45.75,0,0,327000
"2019-10-15T00:00:00.000Z",45.9,46,45.49,45.59,-0.1599998,-0.3497263403266725,385000
"2019-10-16T00:00:00.000Z",45.99,47.86,45.7,47.06,1.470001,3.2243935780739976,742500
"2019-10-17T00:00:00.000Z",47.12,47.35,46.31,46.79,-0.2700005,-0.5737367129862228,476000
"2019-10-18T00:00:00.000Z",47.24,47,46.21,46.29,-0.5,-1.0686044026501391,261500
"2019-10-21T00:00:00.000Z",46,46,44.75,45.2,-1.09,-2.354720241952905,319000
"2019-10-22T00:00:00.000Z",45,45.5,45,45,-0.2000008,-0.4424796381862012,286500
"2019-10-23T00:00:00.000Z",45.3,45.55,45.01,45.3,0.2999992,0.666664877037069,204000
"2019-10-24T00:00:00.000Z",45.49,46.75,45.3,46.42,1.119999,2.4724039189314806,660000
"2019-10-25T00:00:00.000Z",46.4,46.75,45.8,46.21,-0.2099991,-0.4523892806365866,196500
"2019-10-28T00:00:00.000Z",44.5,45.5,44.5,44.65,-1.559998,-3.3758884819687722,368000
"2019-10-29T00:00:00.000Z",44.75,45,44.2,44.66,0.009998322,0.022392657613104605,130000
"2019-10-30T00:00:00.000Z",44.51,45.25,44,44.83,0.170002,0.3806583242569782,244000
"2019-10-31T00:00:00.000Z",44.9,45.4,44.15,44.94,0.1099968,0.245364247486826,739000
"2019-11-01T00:00:00.000Z",44.52,45.85,44.5,45.48,0.5400009,1.2016041629159713,240000
"2019-11-04T00:00:00.000Z",45.16,46.7,45.01,45.97,0.4900017,1.077400436050588,295500
"2019-11-05T00:00:00.000Z",46,46,45.4,45.84,-0.1300011,-0.28279551204970493,142000
"2019-11-06T00:00:00.000Z",45.2,46,44.55,44.76,-1.080002,-2.3560252026167015,303500
"2019-11-07T00:00:00.000Z",44.99,46.5,44,45.41,0.6500015,1.4521928547428349,956000
"2019-11-08T00:00:00.000Z",45.7,45.7,44.95,45.16,-0.25,-0.5505395287381635,228500
"2019-11-11T00:00:00.000Z",45.5,46.99,45.4,46.38,1.220001,2.7015080314771485,530500
"2019-11-12T00:00:00.000Z",46,46.9,45.31,46.56,0.1800003,0.388098967581494,749000
"2019-11-13T00:00:00.000Z",46,46.9,45.9,46.3,-0.2600021,-0.5584237291088954,1185000
"2019-11-14T00:00:00.000Z",46.6,46.8,46.2,46.46,0.1599998,0.34557192075346904,914500
"2019-11-15T00:00:00.000Z",46.8,48.25,46.8,47.4,0.9400024,2.0232510730908864,1963000
"2019-11-18T00:00:00.000Z",47.4,47.99,47.16,47.45,0.04999924,0.10548362700068445,903000
"2019-11-19T00:00:00.000Z",47.65,49.25,47,48.51,1.059998,2.233926143986253,3302000
"2019-11-20T00:00:00.000Z",48.9,50.93,48.8,50.36,1.850002,3.8136509508823315,4160000
"2019-11-21T00:00:00.000Z",50.74,52.4,49.25,49.77,-0.5900002,-1.1715651264036333,2161500
"2019-11-22T00:00:00.000Z",49.7,51.19,49.6,50.97,1.200001,2.4110930763731786,1021000
"2019-11-25T00:00:00.000Z",51,51.26,50,50.43,-0.5400009,-1.0594484804099737,907000
"2019-11-26T00:00:00.000Z",50.5,51,48.15,50.01,-0.420002,-0.8328415295323607,1430000
"2019-11-27T00:00:00.000Z",50.02,50.7,49.55,50.48,0.4700012,0.9398144596636144,684500
"2019-11-28T00:00:00.000Z",50.43,53,50.43,53,2.52,4.992076069730587,1301000
"2019-11-29T00:00:00.000Z",55.39,55.65,54.05,55.17,2.169998,4.09433569455337,1512000
"2019-12-02T00:00:00.000Z",55,55.88,53.6,55.13,-0.0399971,-0.07249791934464321,1045000
"2019-12-03T00:00:00.000Z",55.45,55.48,53.98,54.41,-0.7200012,-1.3060061388135795,499000
"2019-12-04T00:00:00.000Z",54.01,56.89,54,56.2,1.790001,3.289838325488666,1672500
"2019-12-05T00:00:00.000Z",56.95,58,56.95,57.18,0.9799995,1.7437713367991874,940500
"2019-12-06T00:00:00.000Z",57.29,58,56.5,56.85,-0.3300018,-0.5771279986213642,636000
"2019-12-09T00:00:00.000Z",57.44,58,56.1,57.35,0.5,0.8795074758135444,653500
"2019-12-10T00:00:00.000Z",57.8,60.2,57.5,60.04,2.690002,4.690500599494354,1067500
"2019-12-11T00:00:00.000Z",60.99,61.4,58.5,59.17,-0.8700027,-1.4490384091871467,934000
"2019-12-12T00:00:00.000Z",59.3,59.5,57.55,58.98,-0.1899986,-0.32110631146778496,403500
"2019-12-13T00:00:00.000Z",59.94,59.94,57.9,58.08,-0.8999977,-1.525937156826983,537500
"2019-12-16T00:00:00.000Z",58.45,60.98,57.2,60.88,2.799999,4.820934834350296,2543500
"2019-12-17T00:00:00.000Z",60.8,60.89,58.7,60.32,-0.5600014,-0.9198445911993689,583500
"2019-12-18T00:00:00.000Z",59.15,60.4,58.5,58.55,-1.77,-2.934350132625995,455500
"2019-12-19T00:00:00.000Z",58.41,58.41,55.63,56.6,-1.950001,-3.3304884145091647,443000
"2019-12-20T00:00:00.000Z",56.99,57.9,56.9,57.31,0.7100029,1.2544221490781666,1280000
"2019-12-23T00:00:00.000Z",57.39,58.4,55,56.56,-0.75,-1.3086721340080265,418500
"2019-12-24T00:00:00.000Z",56.65,57.35,55.5,57.3,0.7399979,1.3083413587779906,290500
"2019-12-26T00:00:00.000Z",57.26,58.7,57.26,58.47,1.170002,2.041888378425423,135000
"2019-12-27T00:00:00.000Z",58.1,59.49,57.61,58.94,0.4699974,0.803826541988216,245500
"2019-12-30T00:00:00.000Z",59.54,59.75,57.8,58.5,-0.4399986,-0.7465195290995477,565000
"2019-12-31T00:00:00.000Z",56.6,58.73,56.6,58.05,-0.4500008,-0.7692321262327231,1715500
"2020-01-01T00:00:00.000Z",57.95,59,57.7,58.85,0.7999992,1.3781209112403665,560000
"2020-01-02T00:00:00.000Z",59.48,59.9,58.55,59.31,0.4600029,0.7816532245844409,912000
"2020-01-03T00:00:00.000Z",58.84,59.44,58.12,58.97,-0.3400002,-0.5732594821336723,399500
"2020-01-06T00:00:00.000Z",57,57.99,56.95,57.69,-1.280003,-2.1706001948143023,196000
"2020-01-07T00:00:00.000Z",58.3,58.4,56.54,56.82,-0.8699989,-1.508058444424758,321500
"2020-01-08T00:00:00.000Z",54.12,56.8,54.12,56.22,-0.5999985,-1.0559635970423336,1804000
"2020-01-09T00:00:00.000Z",57.48,59.03,56.25,57.89,1.669998,2.9704694781049636,1108000
"2020-01-10T00:00:00.000Z",57.87,59.38,57.6,58.9,1.010002,1.7446917168661848,1613000
"2020-01-13T00:00:00.000Z",58.25,58.65,58,58.31,-0.5900002,-1.001698129026492,122500
"2020-01-14T00:00:00.000Z",58.43,58.43,57.56,58,-0.3100014,-0.5316436161155709,501000
"2020-01-15T00:00:00.000Z",57.49,58.35,56.9,57.97,-0.02999878,-0.051722035570704886,465500
"2020-01-16T00:00:00.000Z",57.46,58.35,57.46,58.03,0.05999756,0.1034975978517485,285000
"2020-01-17T00:00:00.000Z",57.55,58.3,57.51,57.75,-0.2799988,-0.4825069891264585,77500
"2020-01-20T00:00:00.000Z",57.5,57.6,57.05,57.3,-0.4500008,-0.7792221537077451,57500
"2020-01-21T00:00:00.000Z",57.3,58.2,56.35,57.91,0.6100006,1.0645734840967556,281000
"2020-01-22T00:00:00.000Z",57.16,58,56.73,57.8,-0.1100006,-0.18995095641563509,294000
"2020-01-23T00:00:00.000Z",57.99,58.9,57.55,58.42,0.6199989,1.0726624363334138,163500
"2020-01-24T00:00:00.000Z",57.26,59.98,57.26,59.52,1.100002,1.8829202972584829,598000
"2020-01-27T00:00:00.000Z",59.5,59.89,58.99,59.35,-0.170002,-0.2856216301874452,204500
"2020-01-28T00:00:00.000Z",59.35,59.35,58.55,58.96,-0.3899994,-0.6571177825487897,85000
"2020-01-29T00:00:00.000Z",58.98,59.4,58.3,58.67,-0.2900009,-0.4918604063318459,264000
"2020-01-30T00:00:00.000Z",58.15,58.9,58.15,58.71,0.04000092,0.06817951359681527,52000
"2020-01-31T00:00:00.000Z",58.69,59,57.51,57.97,-0.7399979,-1.26042910316643,528500
"2020-02-03T00:00:00.000Z",57,57.25,56.49,56.96,-1.010002,-1.7422838798591036,263000
"2020-02-04T00:00:00.000Z",57.49,58.5,56.01,58.03,1.07,1.8785112359550562,208000
"2020-02-06T00:00:00.000Z",57.99,58.01,57.5,57.79,-0.2399979,-0.41357557932980726,115000
"2020-02-07T00:00:00.000Z",58.19,58.19,56.4,56.72,-1.07,-1.8515314068177888,368500
"2020-02-10T00:00:00.000Z",56.5,56.89,55.65,56.35,-0.3700027,-0.652331950611843,89500
"2020-02-11T00:00:00.000Z",56.89,56.99,54.61,56.57,0.2200012,0.39041917424140216,171500
"2020-02-12T00:00:00.000Z",57,57.2,56.55,57.14,0.5699997,1.0076006663906627,437500
"2020-02-13T00:00:00.000Z",56.99,57.35,56.99,57.08,-0.05999756,-0.10500098453276867,66000
"2020-02-14T00:00:00.000Z",56.9,57.87,56.02,57.07,-0.01000214,-0.017523019665394848,781000
"2020-02-17T00:00:00.000Z",56.95,57.38,56.2,56.81,-0.2599983,-0.45557790037642254,247000
"2020-02-18T00:00:00.000Z",56.81,56.81,55.75,56,-0.8100014,-1.4258077451834037,155500
"2020-02-19T00:00:00.000Z",55.75,57.18,55.75,57.05,1.049999,1.874998180803604,119000
"2020-02-20T00:00:00.000Z",56.9,57.5,56.9,57.14,0.09000015,0.15775661741741442,89000
"2020-02-21T00:00:00.000Z",57,57,56.48,56.57,-0.5699997,-0.9975493577050194,167000
"2020-02-24T00:00:00.000Z",56.1,56.5,55.01,56.09,-0.4799995,-0.8485053990498975,115000
"2020-02-25T00:00:00.000Z",56.05,57.9,54.82,56.67,0.579998,1.0340488131913421,420000
"2020-02-26T00:00:00.000Z",56.67,56.68,55.5,55.64,-1.029999,-1.8175384121676093,163500
"2020-02-27T00:00:00.000Z",55.01,55.01,53.4,54.6,-1.040001,-1.8691606421789964,791000
"2020-02-28T00:00:00.000Z",52,54.85,52,53.14,-0.4599991,-0.8582072905296001,339000
"2020-03-02T00:00:00.000Z",53.14,56.75,52.9,55.96,2.82,5.306736921339857,612000
"2020-03-03T00:00:00.000Z",56,57.84,55,56.52,0.5600014,1.0007173231058657,323500
"2020-03-04T00:00:00.000Z",56.45,57.5,55.7,56.84,0.3199997,0.5661707330174942,169500
"2020-03-05T00:00:00.000Z",56.98,57.88,56.32,57.54,0.7000008,1.23152851838886,218000
"2020-03-06T00:00:00.000Z",57,57.05,56,56.43,-1.110001,-1.9290945094005127,56500
"2020-03-09T00:00:00.000Z",55,55.6,53.06,54.94,-1.490002,-2.6404429331758665,198000
"2020-03-10T00:00:00.000Z",54.99,55.01,54.1,54.84,-0.09999847,-0.1820139657532102,82000
"2020-03-11T00:00:00.000Z",55,56,54,55.2,0.3600006,0.6564562435060858,189000
"2020-03-12T00:00:00.000Z",54.03,54.15,52,52.13,-3.07,-5.56159420289855,105000
"2020-03-13T00:00:00.000Z",51.7,51.99,48.5,51.51,-0.6200027,-1.1893394741757803,208000
"2020-03-16T00:00:00.000Z",50.03,50.45,47.65,47.65,-3.859997,-7.493685157853921,329000
"2020-03-17T00:00:00.000Z",45.15,46,44.08,44.11,-3.540001,-7.42917298154936,218500
"2020-03-18T00:00:00.000Z",42,42,40.81,40.81,-3.299999,-7.4812946606505255,187500
"2020-03-19T00:00:00.000Z",37.75,40,37.75,39.77,-1.040001,-2.5483973891595837,459500
"2020-03-20T00:00:00.000Z",41.29,41.29,37.8,39.42,-0.3500023,-0.8800660793524772,391500
"2020-03-24T00:00:00.000Z",36.47,36.47,36.47,36.47,-2.949997,-7.483503867339208,32000
"2020-03-25T00:00:00.000Z",34.99,34.99,33.74,33.74,-2.73,-7.485604606525912,86500
"2020-03-26T00:00:00.000Z",34.55,34.85,32,32.03,-1.710003,-5.068176787061933,133500
"2020-03-27T00:00:00.000Z",32.6,34.43,32.5,34.43,2.400002,7.492982047641715,57500
"2020-03-30T00:00:00.000Z",34.99,35.85,32.9,33.36,-1.07,-3.1077548649433635,172500
"2020-03-31T00:00:00.000Z",33.99,35.86,33.5,35.86,2.5,7.49400479616307,149000
"2020-04-01T00:00:00.000Z",35.27,38.54,35.27,38.52,2.66,7.417735638594534,137000
"2020-04-02T00:00:00.000Z",38.95,41.4,38.95,41.4,2.880001,7.476638304170258,145000
"2020-04-03T00:00:00.000Z",43,44.43,41.4,42.8,1.399998,3.3816375177952893,246500
"2020-04-06T00:00:00.000Z",43,43.49,39.59,39.59,-3.209999,-7.499997838784996,332000
"2020-04-07T00:00:00.000Z",39.95,41,38.8,40.95,1.360001,3.4352135245065294,74000
"2020-04-08T00:00:00.000Z",40.01,41.97,39.8,39.92,-1.030003,-2.5152696570010016,52500
"2020-04-09T00:00:00.000Z",40.5,41.55,40.05,40.68,0.7600021,1.9038129759019855,228500
"2020-04-10T00:00:00.000Z",40.1,40.5,39.91,40.08,-0.5999985,-1.4749226207567339,53500
"2020-04-13T00:00:00.000Z",38.08,39,38,38.67,-1.410004,-3.5179737008010274,64500
"2020-04-14T00:00:00.000Z",39.24,40.5,38,39.85,1.18,3.051461080941298,59000
"2020-04-15T00:00:00.000Z",39.91,41.7,39.75,39.94,0.09000015,0.22584730323405514,100000
"2020-04-16T00:00:00.000Z",39.16,39.2,38.65,39.09,-0.8499985,-2.128188612726162,50500
"2020-04-17T00:00:00.000Z",41,42.02,40.51,42.02,2.93,7.495523151701203,905500
"2020-04-20T00:00:00.000Z",42.6,43.25,40.7,41.22,-0.7999992,-1.9038534393879762,165500
"2020-04-21T00:00:00.000Z",40.9,40.9,38.56,39.58,-1.639999,-3.97864881073869,120000
"2020-04-22T00:00:00.000Z",38.7,40.35,38.4,40,0.4199982,1.061137394895217,53500
"2020-04-23T00:00:00.000Z",40.01,40.01,39.2,39.24,-0.7599983,-1.8999958307498228,7500
"2020-04-24T00:00:00.000Z",38.81,39.75,38.75,39.23,-0.01000214,-0.025489652024774333,20500
"2020-04-27T00:00:00.000Z",39.1,39.1,37.92,38.01,-1.220001,-3.109867369108657,113500
"2020-04-28T00:00:00.000Z",38.4,39.46,38,39.15,1.140003,2.999218863395333,21500
"2020-04-29T00:00:00.000Z",39.5,40,39.5,39.6,0.4499969,1.149417278079347,44500
"2020-04-30T00:00:00.000Z",40,40.5,39.22,39.83,0.2300034,0.5808167165347686,75000
"2020-05-04T00:00:00.000Z",39.61,42.2,39.61,41.99,2.16,5.423047953803666,1092500
"2020-05-05T00:00:00.000Z",42.8,42.8,41.6,41.68,-0.3100014,-0.738274326420956,211000
"2020-05-06T00:00:00.000Z",41.5,41.81,40.5,40.62,-1.060001,-2.543188518637512,71500
"2020-05-07T00:00:00.000Z",39.92,40.34,39.7,39.88,-0.7399979,-1.8217576027988913,51000
"2020-05-08T00:00:00.000Z",41.29,41.29,39.49,39.93,0.04999924,0.125374220278726,55500
"2020-05-11T00:00:00.000Z",40,40.2,40,40.05,0.1199989,0.30052315726081963,11000
"2020-05-12T00:00:00.000Z",40.05,40.5,39.9,40.32,0.2700005,0.6741585602266986,16500
"2020-05-13T00:00:00.000Z",40.1,40.5,39.95,40.32,0,0,42000
"2020-05-14T00:00:00.000Z",40.32,40.32,39.8,39.8,-0.5200005,-1.2896837637688026,46000
"2020-05-15T00:00:00.000Z",39.85,40.4,39.75,39.93,0.1300011,0.32663593867586765,39500
"2020-05-18T00:00:00.000Z",40,40.5,39.51,40.3,0.3699989,0.926618807430987,43000
"2020-05-19T00:00:00.000Z",40.3,41.61,39.7,41.37,1.07,2.655086848635236,666000
"2020-05-20T00:00:00.000Z",41.5,44.47,41.5,42.38,1.010002,2.4413875968763645,1137500
"2020-05-21T00:00:00.000Z",42.75,42.89,41.8,42.28,-0.1000023,-0.2359657729419236,330000
"2020-05-28T00:00:00.000Z",42.28,42.7,40.75,41.08,-1.199997,-2.8382144871013115,773500
"2020-05-29T00:00:00.000Z",41.49,43.35,40.01,42.65,1.57,3.8218111002921136,391000
"2020-06-01T00:00:00.000Z",42,45.3,41.99,44.49,1.84,4.3141852286049245,1434000
"2020-06-02T00:00:00.000Z",45.49,47.5,45,45.4,0.9099998,2.045403002717901,1987000
"2020-06-03T00:00:00.000Z",45.25,45.25,44,44.26,-1.140003,-2.5110196578621373,122500
"2020-06-04T00:00:00.000Z",43.75,43.9,43.5,43.66,-0.5999985,-1.3556225041444592,116500
"2020-06-05T00:00:00.000Z",43.5,44,43.26,43.5,-0.1599998,-0.36646770667186307,114500
"2020-06-08T00:00:00.000Z",43.9,44,43.5,43.62,0.1199989,0.27585953325412677,291000
"2020-06-09T00:00:00.000Z",43.99,44.55,43.66,44.19,0.5699997,1.3067393307652042,228000
"2020-06-10T00:00:00.000Z",44.5,46,44.01,45.86,1.670002,3.779140247981002,485000
"2020-06-11T00:00:00.000Z",46.15,46.75,45.95,46.04,0.1800003,0.3924995664576945,1400500
"2020-06-12T00:00:00.000Z",45.8,45.99,44.5,45.53,-0.5100021,-1.1077369173273777,404000
"2020-06-15T00:00:00.000Z",44.5,45.7,43,43.41,-2.119999,-4.65626849673333,103500
"2020-06-16T00:00:00.000Z",44.4,44.45,43.5,43.82,0.4099998,0.9444823729809614,70000
"2020-06-17T00:00:00.000Z",43.5,44.15,43.5,43.75,-0.06999969,-0.15974370263625165,71500
"2020-06-18T00:00:00.000Z",43.85,43.9,43,43.65,-0.09999847,-0.22856793942191883,133000
"2020-06-19T00:00:00.000Z",43.6,43.89,43.04,43.14,-0.5100021,-1.1683896345104643,12000
"2020-06-22T00:00:00.000Z",42.99,43.01,42.5,42.8,-0.3400002,-0.7881321243016591,44000
"2020-06-23T00:00:00.000Z",43,44.7,42.85,44.11,1.310001,3.060750071512852,171000
"2020-06-24T00:00:00.000Z",44.11,44.5,43.36,43.4,-0.7099991,-1.6096103252924348,54500
"2020-06-25T00:00:00.000Z",42.65,43.55,42.65,42.97,-0.4300003,-0.9907840945337504,79500
"2020-06-26T00:00:00.000Z",43.7,43.7,42.55,42.9,-0.06999969,-0.16290363161508323,51500
"2020-06-29T00:00:00.000Z",42.5,44.97,42.5,44.63,1.73,4.032634032634032,214000
"2020-06-30T00:00:00.000Z",44.89,45.09,43.6,43.92,-0.7100029,-1.5908645616511934,141500
"2020-07-01T00:00:00.000Z",44,44.4,43.75,43.99,0.07000351,0.1593886967088872,97000
"2020-07-02T00:00:00.000Z",43.99,45.2,43.61,44.8,0.8099976,1.8413220182047547,170500
"2020-07-03T00:00:00.000Z",44.55,44.9,44.5,44.76,-0.04000092,-0.08928776602355483,23000
"2020-07-06T00:00:00.000Z",45.4,45.5,44.5,44.88,0.1200027,0.2681025630892967,132000
"2020-07-07T00:00:00.000Z",45,45.3,44.2,44.35,-0.5300026,-1.1809326410333139,146000
"2020-07-08T00:00:00.000Z",44.74,47.6,44.74,47.5,3.150002,7.102597840026961,1727500
"2020-07-09T00:00:00.000Z",48.25,49.1,48.25,48.63,1.130001,2.3789495237673584,725000
"2020-07-10T00:00:00.000Z",48,48.19,47.21,47.93,-0.7000008,-1.4394422958759236,163500
"2020-07-13T00:00:00.000Z",47.9,50.5,47.3,49.96,2.029999,4.235341034105131,1464000
"2020-07-14T00:00:00.000Z",49.94,49.94,48.5,48.59,-1.369999,-2.7421918082904684,610000
"2020-07-15T00:00:00.000Z",48.55,49.05,48,48.5,-0.09000015,-0.18522360510838565,165500
"2020-07-16T00:00:00.000Z",46.51,49.1,46.51,48.63,0.1300011,0.2680435112339766,173500
"2020-07-17T00:00:00.000Z",49,49.6,48.75,49.48,0.8499985,1.7478891091541504,324000
"2020-07-20T00:00:00.000Z",49.5,50.3,49.5,50.1,0.6199989,1.2530292769132538,496000
"2020-07-21T00:00:00.000Z",50,50.3,49.3,49.49,-0.6099968,-1.2175585608021435,192000
"2020-07-22T00:00:00.000Z",48.5,49.5,47.95,48.1,-1.390003,-2.8086541033347685,202500
"2020-07-23T00:00:00.000Z",48.5,49.5,47.95,48.07,-0.02999878,-0.06236752756940507,191500
"2020-07-24T00:00:00.000Z",48,48.27,47.51,47.98,-0.09000015,-0.18722727214303952,75500
"2020-07-27T00:00:00.000Z",48.01,48.45,47.95,48.21,0.2299995,0.4793653555714323,76500
"2020-07-28T00:00:00.000Z",48.4,51,48.25,50.27,2.060001,4.27297457525357,1326000
"2020-07-29T00:00:00.000Z",50.64,51.8,50,50.23,-0.04000092,-0.0795721489316416,1058000
"2020-07-30T00:00:00.000Z",50.23,50.4,49.44,49.61,-0.6199989,-1.2343199553603812,194000
"2020-08-03T00:00:00.000Z",49.95,51,49.94,50.48,0.8699989,1.7536764376326532,391000
"2020-08-04T00:00:00.000Z",50.7,51.75,50.35,50.82,0.3400002,0.673534471765192,530000
"2020-08-05T00:00:00.000Z",50.85,51,50.35,50.85,0.02999878,0.05902947516694294,226500
"2020-08-06T00:00:00.000Z",50.94,51.4,50.75,50.97,0.1200027,0.23599352285511332,171500
"2020-08-07T00:00:00.000Z",51.6,54,51.11,53.07,2.099998,4.120066544239099,1607500
"2020-08-10T00:00:00.000Z",53.65,54.95,53.5,53.7,0.6300011,1.1871134596914417,845000
"2020-08-11T00:00:00.000Z",54.39,54.6,53.91,53.98,0.2799988,0.5214130237300628,338500
"2020-08-12T00:00:00.000Z",54,54.3,53.03,53.11,-0.8699989,-1.6117060350662589,188000
"2020-08-13T00:00:00.000Z",53.12,53.12,51.8,51.95,-1.16,-2.184146111843344,338500
"2020-08-17T00:00:00.000Z",51.99,52.9,51.5,51.65,-0.2999992,-0.5774768135126362,170500
"2020-08-18T00:00:00.000Z",52.23,52.52,52,52.06,0.4099998,0.7938040627539049,107000
"2020-08-19T00:00:00.000Z",52.01,52.6,52,52.23,0.1699982,0.3265428238997871,199000
"2020-08-20T00:00:00.000Z",52.2,52.2,51.35,51.5,-0.7299995,-1.3976632337513233,53000
"2020-08-21T00:00:00.000Z",50.32,51.74,50.02,50.47,-1.029999,-1.9999980970873417,94000
"2020-08-24T00:00:00.000Z",51,51.9,50.5,51.64,1.169998,2.3182047823180194,47500
"2020-08-25T00:00:00.000Z",51.64,53.75,51.64,53.33,1.690002,3.2726608548668032,770000
"2020-08-26T00:00:00.000Z",53.74,57.32,53.74,57.24,3.91,7.331708231764486,2939500
"2020-08-27T00:00:00.000Z",58.35,61.53,57.61,60.47,3.23,5.642907058001398,2644500
"2020-08-28T00:00:00.000Z",60.25,60.25,57,57.87,-2.600002,-4.299655885574471,265000
"2020-08-31T00:00:00.000Z",57.9,59.54,57.66,59.07,1.200001,2.0736150349682916,350500
"2020-09-01T00:00:00.000Z",59.25,60.9,59.25,60.54,1.470001,2.4885746146703,832000
"2020-09-02T00:00:00.000Z",61.75,64.5,60.9,64.28,3.739998,6.177730222076967,2831500
"2020-09-03T00:00:00.000Z",64.89,68.99,64.85,68.14,3.860001,6.004979869399189,3845500
"2020-09-04T00:00:00.000Z",67,68.4,66.5,66.95,-1.190002,-1.7464073452771542,1129000
"2020-09-07T00:00:00.000Z",67.98,68.06,65.57,66.92,-0.02999878,-0.04480773793376311,1297500
"2020-09-08T00:00:00.000Z",66.2,66.99,64,64.19,-2.729996,-4.079492174506407,422500
"2020-09-09T00:00:00.000Z",62.95,66.03,62.9,65.74,1.549995,2.414698363086278,1264000
"2020-09-10T00:00:00.000Z",66.25,67,64.5,64.61,-1.129997,-1.7188881222492296,1382500
"2020-09-11T00:00:00.000Z",64.15,66,64,64.27,-0.340004,-0.5262404874638299,860500
"2020-09-14T00:00:00.000Z",65.7,65.7,64.16,64.2,-0.06999969,-0.10891503086609086,129000
"2020-09-15T00:00:00.000Z",63.67,65.4,63.65,64.52,0.3199997,0.4984418979823588,333500
"2020-09-16T00:00:00.000Z",63.54,64.6,63,63.82,-0.6999969,-1.0849301513218146,103000
"2020-09-17T00:00:00.000Z",63.33,63.33,61.1,62.02,-1.799999,-2.8204309435981028,1925500
"2020-09-18T00:00:00.000Z",61.51,63.25,61.25,62.05,0.02999878,0.048369525007887444,330500
"2020-09-21T00:00:00.000Z",62,63,61.55,62.03,-0.02000046,-0.03223281200923298,198000
"2020-09-22T00:00:00.000Z",61.5,61.6,59.5,59.63,-2.399998,-3.8690924994064964,582500
"2020-09-23T00:00:00.000Z",59.65,64.1,58.99,64.1,4.469997,7.49622132334959,4001000
"2020-09-24T00:00:00.000Z",65.9,68.9,65.25,68.9,4.800003,7.488304562635159,4598000
"2020-09-25T00:00:00.000Z",69.9,70.74,67.5,69.79,0.8899994,1.2917262587077536,1332500
"2020-09-28T00:00:00.000Z",68.01,69.99,64.75,65.89,-3.900002,-5.588195856478125,987000
"2020-09-29T00:00:00.000Z",66,70,65,69.21,3.32,5.038700865078161,520000
"2020-09-30T00:00:00.000Z",70,70,66.25,67.05,-2.159996,-3.120930681747186,235000
"2020-10-01T00:00:00.000Z",66.5,66.5,64,64.6,-2.450005,-3.653996744668401,254500
"2020-10-02T00:00:00.000Z",65,69.44,64.5,66.03,1.43,2.2136222910216716,1222000
"2020-10-05T00:00:00.000Z",65.01,65.34,62.9,63.43,-2.599998,-3.9376012096804844,992500
"2020-10-06T00:00:00.000Z",63.5,65.5,62.5,64.23,1.800003,2.8832341606551735,1562500
"2020-10-07T00:00:00.000Z",64.9,69.04,64.9,68.69,4.459999,6.943794069067506,1152500
"2020-10-08T00:00:00.000Z",70,71,69,69.25,0.5599976,0.8152534290783487,767500
"2020-10-09T00:00:00.000Z",69,73.7,69,72.11,2.860001,4.129965402598778,2484000
"2020-10-12T00:00:00.000Z",72.25,72.25,67,67.31,-4.800003,-6.6565009018235655,785000
"2020-10-13T00:00:00.000Z",66.5,67.7,65.5,66.43,-0.8799973,-1.3073797879947322,355000
"2020-10-14T00:00:00.000Z",66.49,67,65.5,65.9,-0.5299988,-0.7978305126809665,654500
"2020-10-15T00:00:00.000Z",65.52,67,61.11,62.44,-3.460003,-5.250383676006813,11854500
"2020-10-16T00:00:00.000Z",63,63.25,60.7,62.81,0.3700027,0.5925732158864139,1208000
"2020-10-19T00:00:00.000Z",62.81,64.75,62.8,63.9,1.09,1.7353924534309826,623000
"2020-10-20T00:00:00.000Z",64,64.7,63.55,64.48,0.5800018,0.9076710740815012,499500
"2020-10-21T00:00:00.000Z",64.9,65.25,64,64.88,0.3999939,0.6203378755573661,898500
"2020-10-22T00:00:00.000Z",64.01,65.3,63.8,63.99,-0.8899956,-1.3717565665186326,814000
"2020-10-23T00:00:00.000Z",64.5,64.5,63.2,63.93,-0.06000137,-0.09376678967869194,438500
"2020-10-26T00:00:00.000Z",64,64,62.91,63.06,-0.8699989,-1.360861747175785,889000
"2020-10-27T00:00:00.000Z",63.06,63.1,61.8,61.98,-1.080002,-1.7126577319169765,515000
"2020-10-28T00:00:00.000Z",62,62.4,57.34,59.06,-2.919998,-4.7111940855499865,2638000
"2020-10-29T00:00:00.000Z",59.5,60.25,54.64,55.15,-3.91,-6.620386048086692,3448500
"2020-11-02T00:00:00.000Z",55.1,55.1,51.9,53.7,-1.450001,-2.629194875263919,1006000
"2020-11-03T00:00:00.000Z",55.48,57.72,55.1,57.35,3.649998,6.797016506628808,1025000
"2020-11-04T00:00:00.000Z",58.62,59.3,56.02,56.97,-0.3799973,-0.662593405213639,610500
"2020-11-05T00:00:00.000Z",56.97,58.19,56.97,57.94,0.9699974,1.7026458763054364,192500
"2020-11-06T00:00:00.000Z",58,58.99,56.79,57.29,-0.6499977,-1.1218462647608978,356500
"2020-11-09T00:00:00.000Z",57.4,57.99,55.85,56.99,-0.2999992,-0.523650208045386,585000
"2020-11-10T00:00:00.000Z",60,61.26,59.5,60.66,3.669998,6.439722532383839,3234500
"2020-11-11T00:00:00.000Z",60.89,60.89,58.75,59.42,-1.240002,-2.044183908863043,164000
"2020-11-12T00:00:00.000Z",59.48,59.48,56.51,57.39,-2.029999,-3.4163565031362584,291500
"2020-11-13T00:00:00.000Z",57.3,57.97,56.16,56.94,-0.4500008,-0.7841101127846648,272500
"2020-11-16T00:00:00.000Z",57,57.1,56.15,56.18,-0.7599983,-1.3347353752906592,116000
"2020-11-17T00:00:00.000Z",56.95,57,55.6,56.02,-0.1599998,-0.2847985058198594,221500
"2020-11-18T00:00:00.000Z",55.85,57.4,55.2,56.61,0.5900002,1.0531956481727798,338000
"2020-11-19T00:00:00.000Z",57.2,59.8,56.25,59.22,2.610001,4.610494693702432,853000
"2020-11-20T00:00:00.000Z",59,63.45,59,61.6,2.379997,4.018907260102638,2577500
"2020-11-23T00:00:00.000Z",61.65,61.65,57.75,58.73,-2.869999,-4.659089361348853,1146000
"2020-11-24T00:00:00.000Z",59,59.89,58,59.5,0.7700005,1.311085487068666,632500
"2020-11-25T00:00:00.000Z",60.5,62.3,59.75,61.63,2.130001,3.57983367361065,719500
"2020-11-26T00:00:00.000Z",62.35,63.4,62.11,63.02,1.389999,2.255393440606954,549500
"2020-11-27T00:00:00.000Z",62.75,62.75,61,61.25,-1.77,-2.8086321802602345,249500
"2020-11-30T00:00:00.000Z",61.31,63.94,61,61.91,0.6599998,1.0775506903590182,1436500
"2020-12-01T00:00:00.000Z",62.5,63.3,61.93,62.37,0.4599991,0.7430125881325904,436500
"2020-12-02T00:00:00.000Z",63,63,60,61.53,-0.8400002,-1.3468016631495858,1285500
"2020-12-03T00:00:00.000Z",62.1,63.5,61.8,62.47,0.9400024,1.5277140202586323,1516000
"2020-12-04T00:00:00.000Z",62.1,63.25,62.05,62.96,0.4899979,0.7843731127391782,512000
"2020-12-07T00:00:00.000Z",62.94,63.31,62,62.27,-0.6899986,-1.095931727037872,382000
"2020-12-08T00:00:00.000Z",62.3,62.75,61.55,61.92,-0.3500023,-0.5620720845870275,539500
"2020-12-09T00:00:00.000Z",61.81,62.6,61.25,61.65,-0.2699966,-0.4360410446146568,1300500
"2020-12-10T00:00:00.000Z",61.89,63.01,61.5,62,0.3499985,0.5677185587740821,957500
"2020-12-11T00:00:00.000Z",62.07,62.9,61.52,61.9,-0.09999847,-0.1612878588188778,784000
"2020-12-14T00:00:00.000Z",62,63.3,62,63.13,1.23,1.9870759289176088,804500
"2020-12-15T00:00:00.000Z",63.29,66.2,62.5,64.1,0.9699974,1.5365077776822396,2205000
"2020-12-16T00:00:00.000Z",64.4,65.7,63.95,64.55,0.4500046,0.7020353077903653,875000
"2020-12-17T00:00:00.000Z",64,66.65,64,64.27,-0.2800064,-0.43378214134460563,1372000
"2020-12-18T00:00:00.000Z",64.51,65,63.5,64.36,0.09000397,0.14004041630559286,963000
"2020-12-21T00:00:00.000Z",64.69,69.18,64.5,66.75,2.389999,3.713485026204397,6245500
"2020-12-22T00:00:00.000Z",67.25,71.6,66.3,68.76,2.010002,3.011239041535252,3440000
"2020-12-23T00:00:00.000Z",70,70.3,68,68.35,-0.4100037,-0.5962822541267548,1318500
"2020-12-24T00:00:00.000Z",69.11,70,67.8,68.08,-0.2699966,-0.3950206487647433,2200000
"2020-12-28T00:00:00.000Z",68.1,68.85,68,68.12,0.04000092,0.05875575872584162,388000
"2020-12-29T00:00:00.000Z",68.5,69.7,68.2,68.32,0.1999969,0.2935949660871346,952500
"2020-12-30T00:00:00.000Z",68.35,70.35,68.35,68.66,0.340004,0.4976639635634638,1694500
"2020-12-31T00:00:00.000Z",69.45,69.75,66,68.07,-0.590004,-0.8593125045550537,984500
"2021-01-01T00:00:00.000Z",68,69.25,67.65,68.42,0.3499985,0.5141743679849926,1892000
"2021-01-04T00:00:00.000Z",68.42,70.35,68.31,68.87,0.4500046,0.6577091935905041,2563000
"2021-01-05T00:00:00.000Z",69,69.39,68.26,68.49,-0.3800049,-0.5517712690042221,545000
"2021-01-06T00:00:00.000Z",68.5,69.5,68.31,69.15,0.6600037,0.9636497819463307,851500
"2021-01-07T00:00:00.000Z",70,72.7,70,71.24,2.089996,3.022409080410177,4593000
"2021-01-08T00:00:00.000Z",71.55,76.1,71.55,74.88,3.639999,5.109487575666935,3873500
"2021-01-11T00:00:00.000Z",75.99,76.8,73.9,74.33,-0.5499954,-0.7345024489678321,1661000
"2021-01-12T00:00:00.000Z",75,75.2,73,73.51,-0.8199997,-1.103188084635496,1143500
"2021-01-13T00:00:00.000Z",73.6,74.7,72,74.17,0.659996,0.8978315386841771,1727500
"2021-01-14T00:00:00.000Z",74.7,75.7,73.01,73.29,-0.8799973,-1.1864599326337038,1581000
"2021-01-15T00:00:00.000Z",73.5,74,70.67,71.44,-1.849998,-2.5242161965947933,1649000
"2021-01-18T00:00:00.000Z",71.52,72.1,70,70.2,-1.240005,-1.7357291618330655,2351000
"2021-01-19T00:00:00.000Z",70.75,73.9,70.2,71,0.8000031,1.1396056058800195,3124000
"2021-01-20T00:00:00.000Z",71.25,72,70,70.49,-0.5100021,-0.7183127956555372,2339000
"2021-01-21T00:00:00.000Z",70.95,75.45,70.5,73.3,2.810005,3.9863884229244166,5222000
"2021-01-22T00:00:00.000Z",73.94,74,72,72.57,-0.7300034,-0.9959118228362867,756500
"2021-01-25T00:00:00.000Z",72.99,73,72,72.32,-0.25,-0.3444949703734326,885500
"2021-01-26T00:00:00.000Z",72.88,75.25,72.65,74.02,1.699997,2.3506594710733073,3631000
"2021-01-27T00:00:00.000Z",74.35,74.5,72.5,72.86,-1.159996,-1.5671386958734772,1910000
"2021-01-28T00:00:00.000Z",72.98,74,72.5,73.62,0.7600021,1.0430992614673131,2168500
"2021-01-29T00:00:00.000Z",73.15,74.95,73,73.34,-0.2800064,-0.3803400919019751,2002500
"2021-02-01T00:00:00.000Z",73.9,73.94,72.56,73.12,-0.2199936,-0.2999640294487291,688500
"2021-02-02T00:00:00.000Z",73.44,73.49,72.1,72.2,-0.9200058,-1.2582135216406123,539000
"2021-02-03T00:00:00.000Z",72.26,74.35,72.2,73.17,0.9700012,1.3434919890885095,2599000
"2021-02-04T00:00:00.000Z",73.11,73.99,72.22,72.4,-0.7699966,-1.0523392589579537,1023500
"2021-02-08T00:00:00.000Z",73.25,74,71.55,71.87,-0.5299988,-0.732042553569766,1014500
"2021-02-09T00:00:00.000Z",72,72.35,71,71.13,-0.7400055,-1.0296444182128246,326000
"2021-02-10T00:00:00.000Z",70.91,71.01,68.6,69.55,-1.579994,-2.2212767232905994,479500
"2021-02-11T00:00:00.000Z",68.87,70.85,68.11,68.99,-0.5600052,-0.8051835487138108,2540000
"2021-02-12T00:00:00.000Z",69.2,71.9,69.2,70.79,1.800003,2.609078240719448,615000
"2021-02-15T00:00:00.000Z",71.5,72.5,70,70.69,-0.09999847,-0.14126073196961325,782000
"2021-02-16T00:00:00.000Z",70.98,72.89,69.5,69.98,-0.7099991,-1.0043840840846747,4111000
"2021-02-17T00:00:00.000Z",70.26,70.85,69.05,69.16,-0.8199997,-1.1717629372896383,1358000
"2021-02-18T00:00:00.000Z",69,69.8,68.32,68.5,-0.6600037,-0.9543141479039566,1071500
"2021-02-19T00:00:00.000Z",69.47,70.2,68.5,69.85,1.349998,1.970799942458396,803500
"2021-02-22T00:00:00.000Z",70.4,70.95,68.8,68.99,-0.8600006,-1.231210583554383,778500
"2021-02-23T00:00:00.000Z",69.02,74.16,69.02,74.16,5.170006,7.493849035557243,6078000
"2021-02-24T00:00:00.000Z",75.16,76.25,72.7,74.29,0.1299973,0.1752930087204541,3982000
"2021-02-25T00:00:00.000Z",75,76.9,74.6,75.14,0.8499985,1.1441627175091658,3708000
"2021-02-26T00:00:00.000Z",75.75,76.8,73,75.12,-0.01999664,-0.02661251117138724,1950500
"2021-03-01T00:00:00.000Z",74.94,74.94,70.25,73.13,-1.990005,-2.6491012613750495,1022000
"2021-03-02T00:00:00.000Z",74.75,77.5,72.56,76.58,3.450005,4.7176333049113435,2610500
"2021-03-03T00:00:00.000Z",75.51,76.4,75,76.02,0.9399948,1.2519908562819333,537000
"2021-03-04T00:00:00.000Z",72,76,72,73.4,-2.619995,-3.446455106975473,1418000
"2021-03-05T00:00:00.000Z",73,74,72,73.13,-0.2700043,-0.3678532482047825,311500
"2021-03-08T00:00:00.000Z",75.25,75.5,70.86,71.75,-1.379997,-1.8870464332167276,725500
"2021-03-09T00:00:00.000Z",71.75,71.97,66.99,68.27,-3.480003,-4.850178194417637,963500
"2021-03-10T00:00:00.000Z",69,71,67.5,69.71,1.440002,2.1092749995393296,541000
"2021-03-11T00:00:00.000Z",69,69.5,64.49,65.55,-4.159996,-5.967574578543944,615000
"2021-03-12T00:00:00.000Z",66,69.45,66,68.31,2.759995,4.21051836685596,659000
"2021-03-15T00:00:00.000Z",70,72.3,68.25,71.93,3.620003,5.299375141240307,1030500
"2021-03-16T00:00:00.000Z",72.5,73.49,71.94,72.75,0.8199997,1.139996797692214,780000
"2021-03-17T00:00:00.000Z",74,74.5,72.5,72.88,0.1299973,0.17869044010358506,1495500
"2021-03-18T00:00:00.000Z",73.44,73.48,71,71.22,-1.659996,-2.2777114312684645,377500
"2021-03-19T00:00:00.000Z",71.6,72.6,71,71.88,0.659996,0.9267003130187976,430000
"2021-03-22T00:00:00.000Z",70.7,72.9,69.56,69.93,-1.949997,-2.7128506975313313,334500
"2021-03-24T00:00:00.000Z",71,72.5,70.01,70.93,1,1.4300014300014299,453500
"2021-03-25T00:00:00.000Z",71.5,73,69.49,69.72,-1.209999,-1.7059058466925965,633000
"2021-03-26T00:00:00.000Z",70,71,68,68.3,-1.419998,-2.0367154915867896,520000
"2021-03-29T00:00:00.000Z",68,68.3,64.5,65.98,-2.32,-3.3967789165446556,994000
"2021-03-30T00:00:00.000Z",65.01,68,64.51,66.98,1,1.515610791148833,380000
"2021-03-31T00:00:00.000Z",68,69.4,65.6,66.12,-0.8600006,-1.2839662470830133,740500
"2021-04-01T00:00:00.000Z",66.95,67,65.5,65.8,-0.3199997,-0.4839680905201214,308000
"2021-04-02T00:00:00.000Z",65.5,66,64.95,65,-0.8000031,-1.2158101250910123,130500
"2021-04-05T00:00:00.000Z",65,65,61.32,61.8,-3.200001,-4.923078385798794,439500
"2021-04-06T00:00:00.000Z",61.8,65.45,60.8,64.82,3.02,4.886731391585761,414000
"2021-04-07T00:00:00.000Z",66.5,66.99,64.51,66.39,1.57,2.4220919469299598,210500
"2021-04-08T00:00:00.000Z",66.5,67.6,66.01,66.59,0.1999969,0.30124550483715823,139000
"2021-04-09T00:00:00.000Z",66.65,67.34,64,66.38,-0.2099991,-0.3153613197751192,199500
"2021-04-12T00:00:00.000Z",66,67.45,64.6,65.96,-0.4199982,-0.632718004502748,136500
"2021-04-13T00:00:00.000Z",65.9,67,65.5,66.13,0.1699982,0.257729222803023,179500
"2021-04-14T00:00:00.000Z",66.79,67,65.74,66.61,0.4800034,0.7258482151502182,64000
"2021-04-15T00:00:00.000Z",67.7,67.7,66,66.28,-0.3300018,-0.4954237968508807,316500
"2021-04-16T00:00:00.000Z",66.03,67.49,65.85,67.04,0.7600021,1.1466537780321804,77000
"2021-04-19T00:00:00.000Z",66.8,67.75,64,66.84,-0.2000046,-0.29833619671320843,77500
"2021-04-20T00:00:00.000Z",66.99,67.3,65.74,66.04,-0.7999954,-1.1968812912276172,148000
"2021-04-21T00:00:00.000Z",66.99,66.99,65,65.87,-0.1699982,-0.25741702700409824,158500
"2021-04-22T00:00:00.000Z",65.05,65.75,61.26,63.39,-2.480003,-3.764996033171579,868000
"2021-04-23T00:00:00.000Z",62,62.4,60,61.29,-2.099998,-3.3128223162272383,1603500
"2021-04-26T00:00:00.000Z",60.77,65.1,60,64.33,3.040001,4.960027817915286,1066500
"2021-04-27T00:00:00.000Z",62.15,66.1,62.15,65.01,0.6800003,1.0570500593364685,585000
"2021-04-28T00:00:00.000Z",64.27,65.75,64.27,64.88,-0.1300049,-0.19997675773133192,216500
"2021-04-29T00:00:00.000Z",64.88,66.2,64.88,66.06,1.18,1.8187422934648583,377000
"2021-04-30T00:00:00.000Z",65,66.5,64.25,65.22,-0.8399963,-1.2715657690704414,165500
"2021-05-03T00:00:00.000Z",63.31,63.74,60.33,63.48,-1.740002,-2.6678962690004213,544500
"2021-05-04T00:00:00.000Z",63.5,65.45,63.5,64.84,1.359997,2.1424022301952315,166000
"2021-05-05T00:00:00.000Z",66.12,66.12,63.8,65.64,0.8000031,1.2338111323999768,81500
"2021-05-06T00:00:00.000Z",65,66.4,64.65,65.6,-0.04000092,-0.06093985289359134,97500
"2021-05-17T00:00:00.000Z",66.98,66.99,66.03,66.6,1,1.5243902439024393,192500
"2021-05-18T00:00:00.000Z",66.9,66.9,64.53,65.94,-0.659996,-0.9909850445036064,306500
"2021-05-19T00:00:00.000Z",64.66,66.15,64.66,65.95,0.009994507,0.015156970226611503,159500
"2021-05-20T00:00:00.000Z",65,66.44,65,65.79,-0.159996,-0.24260198590459348,171000
"2021-05-21T00:00:00.000Z",66,66.01,64.9,65.64,-0.1500015,-0.22800045079798334,119000
"2021-05-24T00:00:00.000Z",65.98,66.5,65.65,66.31,0.6699982,1.0207163035147875,432000
"2021-05-25T00:00:00.000Z",66.31,68,65.5,67.11,0.8000031,1.2064592631582522,575000
"2021-05-26T00:00:00.000Z",67.23,69,67.23,68.26,1.150002,1.7136075611267338,908500
"2021-05-27T00:00:00.000Z",68,68.95,67.5,67.61,-0.6500015,-0.9522436063819892,767500
"2021-05-28T00:00:00.000Z",67.35,67.8,64.7,67.49,-0.1200027,-0.17749252360257636,1201000
"2021-05-31T00:00:00.000Z",68,69.1,67.95,68.56,1.07,1.5854200622314414,885500
"2021-06-01T00:00:00.000Z",68.94,73.5,68.7,72.43,3.870003,5.644695404522844,1077500
"2021-06-02T00:00:00.000Z",72.5,73.6,71.15,71.87,-0.5599976,-0.7731570047711833,1200000
"2021-06-03T00:00:00.000Z",71.5,72.39,70,70.07,-1.800003,-2.504526123367492,276500
"2021-06-04T00:00:00.000Z",70.33,71.75,70,70.9,0.8300018,1.1845323552470135,880000
"2021-06-07T00:00:00.000Z",71,72,71,71.88,0.9799957,1.3822223421219173,169500
"2021-06-08T00:00:00.000Z",71.26,71.6,69,70.91,-0.9699936,-1.3494625575481412,208500
"2021-06-09T00:00:00.000Z",71,71,69.7,70,-0.9100037,-1.2833220314724083,302500
"2021-06-10T00:00:00.000Z",70,70.5,69.75,70.04,0.04000092,0.05714417217960911,381500
"2021-06-11T00:00:00.000Z",70.4,70.9,69.9,69.99,-0.05000305,-0.07139212995793838,213000
"2021-06-14T00:00:00.000Z",70.69,71.6,70,70.09,0.09999847,0.14287536478640794,303000
"2021-06-15T00:00:00.000Z",70.45,70.47,69.69,69.95,-0.1399994,-0.19974233299822228,363000
"2021-06-16T00:00:00.000Z",70,70,69.7,69.85,-0.09999847,-0.14295707246210612,175500
"2021-06-17T00:00:00.000Z",69.8,72,69.8,70.37,0.5200043,0.7444585998736145,1181500
"2021-06-18T00:00:00.000Z",71,72.45,71,71.06,0.6899948,0.9805240145129334,1736500
"2021-06-21T00:00:00.000Z",71.49,71.8,71,71.01,-0.04999542,-0.070356632736186,149000
"2021-06-22T00:00:00.000Z",71.1,71.98,70.25,71.47,0.4599991,0.6477948094209924,257500
"2021-06-23T00:00:00.000Z",71.5,71.94,70.95,71.09,-0.3800049,-0.531698438431197,341500
"2021-06-24T00:00:00.000Z",71.48,71.48,70.86,71.1,0.01000214,0.01406968673665958,221000
"2021-06-25T00:00:00.000Z",70.56,71.1,70,70.25,-0.8499985,-1.1954972122819385,483500
"2021-06-28T00:00:00.000Z",70,71.02,68,68.48,-1.769997,-2.519568790871265,412500
"2021-06-29T00:00:00.000Z",69.15,70.1,69,69.33,0.8499985,1.241236100148158,368000
"2021-06-30T00:00:00.000Z",69.39,70.35,69,70.03,0.6999969,1.009659409635884,477000
"2021-07-01T00:00:00.000Z",69.6,70.74,69.6,70.5,0.4700012,0.6711426646490246,109500
"2021-07-02T00:00:00.000Z",70.5,70.85,70,70.06,-0.4400024,-0.6241168581860927,36000
"2021-07-05T00:00:00.000Z",70,70.5,70,70.26,0.2000046,0.28547618203240704,95500
"2021-07-06T00:00:00.000Z",70.46,70.46,70,70.11,-0.1500015,-0.21349487161624955,91500
"2021-07-07T00:00:00.000Z",70,70.54,69.39,70.49,0.3799973,0.5420015480900845,115500
"2021-07-08T00:00:00.000Z",70.49,73,70,72.1,1.610001,2.2840133676268035,555000
"2021-07-09T00:00:00.000Z",72.35,72.4,70.5,71.49,-0.6100006,-0.8460479818636784,275000
"2021-07-12T00:00:00.000Z",71.6,72.35,71,71.13,-0.3600006,-0.5035677674899893,116000
"2021-07-13T00:00:00.000Z",70.08,71,70,71,-0.1299973,-0.18276016439550744,246500
"2021-07-14T00:00:00.000Z",71.33,72.15,71,71.97,0.9700012,1.3661988963301221,195500
"2021-07-15T00:00:00.000Z",71.6,72.53,71.6,72.02,0.04999542,0.06946702350758695,97500
"2021-07-16T00:00:00.000Z",72,73,71.9,72.02,0,0,687000
"2021-07-19T00:00:00.000Z",72.99,73,72.2,72.8,0.7800064,1.083041473638787,68500
"2021-07-23T00:00:00.000Z",72.99,73.9,72.16,73.45,0.6499939,0.8928486889233928,178000
"2021-07-26T00:00:00.000Z",73.45,75.6,73.45,74.28,0.8300018,1.1300229003953877,677000
"2021-07-27T00:00:00.000Z",74.2,75.75,73.52,73.89,-0.3899994,-0.5250395842087204,895500
"2021-07-28T00:00:00.000Z",74,74.05,72.7,73,-0.8899994,-1.204492363279137,192000
"2021-07-29T00:00:00.000Z",73.03,73.99,72.5,72.96,-0.04000092,-0.05479578013134086,111000
"2021-07-30T00:00:00.000Z",72.85,74,72.5,73.05,0.09000397,0.12336071120808696,161000
"2021-08-02T00:00:00.000Z",73,74.9,72,74.47,1.419998,1.9438712677927104,295500
"2021-08-03T00:00:00.000Z",74.96,75.99,74.51,75.12,0.6500015,0.8728367303512166,807000
"2021-08-04T00:00:00.000Z",75.5,76.76,75.5,75.6,0.4799957,0.6389718750322277,257500
"2021-08-05T00:00:00.000Z",76.5,77.19,75.71,76.06,0.4599991,0.608464410745794,168000
"2021-08-06T00:00:00.000Z",76.09,76.09,74.8,75.01,-1.049995,-1.3804826045544705,152500
"2021-08-09T00:00:00.000Z",75,75.74,74,74.12,-0.8899994,-1.1865076751353767,114000
"2021-08-10T00:00:00.000Z",74.01,74.98,73.85,74.03,-0.09000397,-0.12143006635081809,307500
"2021-08-11T00:00:00.000Z",74.45,74.45,74,74.01,-0.01999664,-0.027011537089811757,92000
"2021-08-12T00:00:00.000Z",74.99,74.99,73.5,73.56,-0.4500046,-0.6080321200250269,40000
"2021-08-13T00:00:00.000Z",73.3,74.5,73.27,74,0.4400024,0.5981544512720322,131500
"2021-08-16T00:00:00.000Z",73.5,74.5,73,73.97,-0.02999878,-0.040538892560235795,137000
"2021-08-17T00:00:00.000Z",74.49,75,73.5,74.73,0.7600021,1.027446426357138,67000
"2021-08-20T00:00:00.000Z",75.5,75.56,74.85,74.94,0.2099991,0.2810104341909623,118000
"2021-08-23T00:00:00.000Z",75,75.48,74.52,75.01,0.06999969,0.09340764573049946,280000
"2021-08-24T00:00:00.000Z",74.02,76.4,74.02,74.66,-0.3499985,-0.466602462337071,58000
"2021-08-25T00:00:00.000Z",74.53,75.1,74.53,74.6,-0.06000519,-0.08037126416920894,53500
"2021-08-26T00:00:00.000Z",74.53,75.39,74,75.11,0.5100021,0.6836489468587506,107500
"2021-08-27T00:00:00.000Z",74.52,75.25,73.08,75.12,0.01000214,0.013316655951240096,134500
"2021-08-30T00:00:00.000Z",70.11,75.5,70.11,74.35,-0.7700043,-1.0250322895681732,45500
"2021-08-31T00:00:00.000Z",74.35,74.95,74.35,74.51,0.1600037,0.21520337318429697,21000
"2021-09-01T00:00:00.000Z",74.94,76.48,74.94,75.94,1.43,1.919205475775064,489000
"2021-09-02T00:00:00.000Z",75.03,75.05,74.95,74.99,-0.9500046,-1.2509936034425788,111000
"2021-09-03T00:00:00.000Z",71.35,75.1,71.35,75,0.01000214,0.01333796544263563,348000
"2021-09-06T00:00:00.000Z",75,75,74,74.51,-0.4899979,-0.6533305516265886,38000
"2021-09-07T00:00:00.000Z",74.51,75.1,74.02,75,0.4899979,0.6576270113942193,84000
"2021-09-08T00:00:00.000Z",74.6,75,74.25,74.96,-0.04000092,-0.05333455934576275,153000
"2021-09-09T00:00:00.000Z",75.5,75.5,74,75.18,0.2200012,0.29349146681149624,136500
"2021-09-10T00:00:00.000Z",74.75,75.75,74.75,75.71,0.5299988,0.7049731198993384,691000
"2021-09-13T00:00:00.000Z",75.5,76.51,75.25,76.2,0.4899979,0.6472036539541979,463000
"2021-09-14T00:00:00.000Z",76.47,76.6,74.5,75.28,-0.9199982,-1.207346747680107,314500
"2021-09-15T00:00:00.000Z",74.8,75.5,72.1,74.87,-0.409996,-0.5446280841991543,97000
"2021-09-16T00:00:00.000Z",75,77.45,73.75,77.15,2.279999,3.0452771063806985,687500
"2021-09-17T00:00:00.000Z",77.5,77.5,75.35,75.98,-1.169998,-1.5165236945307503,335000
"2021-09-20T00:00:00.000Z",76.5,76.5,74,74.77,-1.210007,-1.5925334147442234,164000
"2021-09-21T00:00:00.000Z",75.1,75.21,74,74.04,-0.7299957,-0.9763217092173778,69000
"2021-09-22T00:00:00.000Z",73.5,73.99,70,72.99,-1.050003,-1.4181563444831302,339500
"2021-09-23T00:00:00.000Z",75.99,75.99,72,72.33,-0.659996,-0.9042280259886574,54500
"2021-09-24T00:00:00.000Z",72,74,71.6,73.22,0.8899994,1.2304706105587948,131500
"2021-09-27T00:00:00.000Z",73,73.22,72.1,73.15,-0.06999969,-0.09560187147823791,187500
"2021-09-28T00:00:00.000Z",72.3,73,71.1,71.86,-1.290001,-1.7635010011824876,32000
"2021-09-29T00:00:00.000Z",73.7,73.7,70.8,71.37,-0.4899979,-0.6818785337036587,244500
"2021-09-30T00:00:00.000Z",71.5,71.85,70,71.17,-0.2000046,-0.2802362156496204,198000
"2021-10-01T00:00:00.000Z",71.05,71.85,71,71.3,0.1300049,0.18266813116585423,186500
"2021-10-04T00:00:00.000Z",71.85,72,71.5,72,0.6999969,0.9817627904142405,58500
"2021-10-05T00:00:00.000Z",72.5,73.44,72.5,72.98,0.9800034,1.3611158976082507,126500
"2021-10-06T00:00:00.000Z",70,70.8,64.76,69.82,-0.05999756,-0.08585798811524745,358000
"2021-10-07T00:00:00.000Z",68.61,71.5,68.5,70.31,0.4899979,0.7018016116616531,156000
"2021-10-08T00:00:00.000Z",69.8,73,69.8,72.25,1.940002,2.7592121393603226,190500
"2021-10-11T00:00:00.000Z",72,72.48,71,72.09,-0.1600037,-0.2214583969633762,246000
"2021-10-12T00:00:00.000Z",71.5,73,70,72.9,0.8100052,1.123602799871474,388000
"2021-10-13T00:00:00.000Z",72.75,72.75,71.5,72.23,-0.6699982,-0.9190647689206664,137000
"2021-10-14T00:00:00.000Z",72.48,73,69.5,72.93,0.6999969,0.9691220683334014,77000
"2021-10-15T00:00:00.000Z",73,74.25,72.8,73.42,0.4899979,0.6718742436454695,1234500
"2021-10-18T00:00:00.000Z",73.5,73.95,73,73.64,0.2200012,0.29964751238868176,169000
"2021-10-20T00:00:00.000Z",74.85,76.9,74.4,76.38,2.739998,3.720801093948911,763500
"2021-10-21T00:00:00.000Z",76,77.2,75.25,76.16,-0.2199936,-0.2880251616046221,401000
"2021-10-22T00:00:00.000Z",76.25,77,76,76.77,0.609993,0.8009361133593385,109000
"2021-10-25T00:00:00.000Z",77,77,76,76.77,0.009994507,0.013020461548705117,99500
"2021-10-26T00:00:00.000Z",74.99,76,74,74.08,-2.68,-3.491401771756123,41000
"2021-10-27T00:00:00.000Z",75,75.75,74.77,75.1,1.019997,1.3768857433766575,153500
"2021-10-28T00:00:00.000Z",75.01,75.01,73.26,74.87,-0.2299957,-0.30625261407305243,565000
"2021-10-29T00:00:00.000Z",73.62,75.39,73.62,75.12,0.25,0.33391211433150797,127000
"2021-11-01T00:00:00.000Z",75.2,75.59,74.52,75.03,-0.09000397,-0.11981358525479323,71000
"2021-11-02T00:00:00.000Z",74.99,75,74.05,74.5,-0.5299988,-0.7063825249588035,291000
"2021-11-03T00:00:00.000Z",74.55,74.84,74,74.13,-0.3700027,-0.4966479014637674,301000
"2021-11-04T00:00:00.000Z",74.43,74.43,73.5,73.79,-0.3399963,-0.45864874810468587,85500
"2021-11-05T00:00:00.000Z",73.5,74.48,73.5,73.91,0.1200027,0.16262732672575936,97500
"2021-11-08T00:00:00.000Z",73.26,75,73,74.15,0.2399979,0.3247164026261068,152000
"2021-11-09T00:00:00.000Z",74.89,76.48,73.1,73.22,-0.9300003,-1.254214829719967,167500
"2021-11-10T00:00:00.000Z",73.98,73.98,73.08,73.47,0.25,0.3414367659109533,89000
"2021-11-11T00:00:00.000Z",73.35,74.8,73.2,73.92,0.4499969,0.6124906506230976,135000
"2021-11-12T00:00:00.000Z",73.86,74,72.99,73.26,-0.659996,-0.8928517799162218,337000
"2021-11-15T00:00:00.000Z",73.75,74.48,73.2,74.16,0.9000015,1.2285033011569064,49000
"2021-11-16T00:00:00.000Z",73.5,74.4,73.1,74.1,-0.06000519,-0.0809131415865803,133000
"2021-11-17T00:00:00.000Z",74.02,74.5,74,74.42,0.3199997,0.4318484462948106,94500
"2021-11-18T00:00:00.000Z",74.9,75,73.99,74.01,-0.409996,-0.5509218248278325,256500
"2021-11-19T00:00:00.000Z",74,75.45,74,74.67,0.659996,0.891765929373548,420000
"2021-11-22T00:00:00.000Z",74.75,74.75,73.02,73.25,-1.419998,-1.901698189412031,87500
"2021-11-23T00:00:00.000Z",73.3,73.5,72.9,73,-0.25,-0.3412969283276451,198000
"2021-11-24T00:00:00.000Z",72,73.75,72,72.76,-0.2399979,-0.3287642560329443,87000
"2021-11-25T00:00:00.000Z",72.94,72.94,72,72,-0.7600021,-1.0445328175712079,172000
"2021-11-26T00:00:00.000Z",72.25,72.25,70,71.38,-0.6200027,-0.8611148288193051,143500
"2021-11-29T00:00:00.000Z",71.39,72.95,70.01,72.5,1.120003,1.5690712343403432,221500
"2021-11-30T00:00:00.000Z",73.39,74.5,71,71.2,-1.300003,-1.7931075120093443,201000
"2021-12-01T00:00:00.000Z",72,72.95,71.5,72.75,1.550003,2.1769705973442672,58000
"2021-12-02T00:00:00.000Z",72.5,74.5,67.3,67.3,-5.449997,-7.491405119920487,468500
"2021-12-03T00:00:00.000Z",67,69.89,66,67.69,0.3899994,0.579493902708821,300000
"2021-12-06T00:00:00.000Z",67.57,69,67.57,68,0.3099976,0.45796659626060227,45000
"2021-12-07T00:00:00.000Z",69.87,69.89,68,68.52,0.5199966,0.7647008441178991,231500
"2021-12-08T00:00:00.000Z",69.4,69.52,66.65,66.75,-1.769997,-2.58318312535828,80500
"2021-12-09T00:00:00.000Z",66.75,66.9,65.5,66.04,-0.7099991,-1.0636690780120175,94500
"2021-12-10T00:00:00.000Z",67.49,67.49,64.5,64.86,-1.18,-1.78679588128407,99000
"2021-12-13T00:00:00.000Z",65.7,65.7,65,65.02,0.159996,0.24667898571205765,34000
"2021-12-14T00:00:00.000Z",65.5,67,65,65.62,0.6000061,0.922802455076822,451000
"2021-12-15T00:00:00.000Z",67,68.5,67,67.57,1.949997,2.9716502756027,254000
"2021-12-16T00:00:00.000Z",68.39,69,67.11,68.8,1.230003,1.8203389886194608,641500
"2021-12-17T00:00:00.000Z",69.25,69.5,67.1,68.95,0.1499939,0.21801437020512127,44500
"2021-12-20T00:00:00.000Z",69.75,70.5,69.25,70,1.050003,1.5228470568316343,71000
"2021-12-21T00:00:00.000Z",70,70.48,69.53,69.88,-0.1200027,-0.17143242195903516,118000
"2021-12-22T00:00:00.000Z",71,73.4,70,70.97,1.090004,1.5598226422336943,87500
"2021-12-23T00:00:00.000Z",70.51,70.97,69.76,70.37,-0.5999985,-0.8454255497835468,130500
"2021-12-24T00:00:00.000Z",70,70.99,69.85,70.05,-0.3199997,-0.4547388110902607,58500
"2021-12-27T00:00:00.000Z",70.25,71.3,70.25,71.16,1.110001,1.5845838912859942,327500
"2021-12-28T00:00:00.000Z",71,72.68,71,72.22,1.059998,1.4895980469477783,649500
"2021-12-29T00:00:00.000Z",72,73.46,72,72.55,0.3300018,0.45693964030035117,500000
"2021-12-30T00:00:00.000Z",72.75,72.94,72.25,72.77,0.2199936,0.30323029716507377,371000
"2021-12-31T00:00:00.000Z",73,73.4,72.5,72.69,-0.0799942,-0.1099274513890232,593500
"2022-01-03T00:00:00.000Z",72.5,73.63,72.5,73.21,0.5199966,0.7153619145380313,77000
"2022-01-04T00:00:00.000Z",73.21,75.39,67.72,71.66,-1.549995,-2.1171904191497353,442500
"2022-01-05T00:00:00.000Z",72,74,72,73.7,2.039993,2.8467663978877367,140500
"2022-01-06T00:00:00.000Z",73.3,73.3,70,72.03,-1.669998,-2.2659403599983814,53000
"2022-01-07T00:00:00.000Z",71.85,72.45,71.1,72.03,0,0,60500
"2022-01-10T00:00:00.000Z",72.25,74.3,71.7,74,1.970001,2.7349729659166035,369500
"2022-01-11T00:00:00.000Z",74.5,75.4,74.3,75.29,1.290001,1.7432446181519543,625500
"2022-01-12T00:00:00.000Z",74.5,75.25,74.4,74.58,-0.7099991,-0.9430191373185977,77500
"2022-01-13T00:00:00.000Z",74.02,74.45,74.01,74.4,-0.1800003,-0.2413519700669671,16000
"2022-01-14T00:00:00.000Z",74.3,76,74,75.58,1.18,1.5860215053763442,208000
"2022-01-17T00:00:00.000Z",76.2,76.2,73.01,75.51,-0.06999969,-0.0926166846878959,123091
"2022-01-18T00:00:00.000Z",73.01,75.25,73.01,75.07,-0.4400024,-0.5827074374454001,77122
"2022-01-19T00:00:00.000Z",75.25,75.25,74.5,74.98,-0.08999634,-0.11988323483112613,82961
"2022-01-20T00:00:00.000Z",74.02,75,73.5,74.63,-0.3500061,-0.4667992418314834,154189
"2022-01-21T00:00:00.000Z",74.75,75.24,73.25,74.5,-0.1299973,-0.1741890723611215,37619
"2022-01-24T00:00:00.000Z",74.75,75.25,74.54,75.13,0.6299973,0.845633929084408,48805
"2022-01-25T00:00:00.000Z",75.94,76,75,75.36,0.2300034,0.30614057022331875,218894
"2022-01-26T00:00:00.000Z",75.85,75.88,75,75.11,-0.25,-0.3317409766454353,75593
"2022-01-27T00:00:00.000Z",74.99,74.99,73.25,73.64,-1.470001,-1.9571308486602201,556021
"2022-01-28T00:00:00.000Z",74.5,74.5,73.11,73.95,0.3099976,0.42096359301585246,60554
"2022-01-31T00:00:00.000Z",75,75,73.98,74,0.05000305,0.06761737939463161,71065
"2022-02-01T00:00:00.000Z",74.5,74.5,73.9,73.99,-0.01000214,-0.013516405014525584,66843
"2022-02-02T00:00:00.000Z",73.91,73.99,73.45,73.85,-0.1399994,-0.18921394936516248,659425
"2022-02-03T00:00:00.000Z",74.66,77.83,74,76.71,2.860001,3.8727163692988,794870
"2022-02-04T00:00:00.000Z",76.5,77.25,74.71,76.59,1.879997,2.5163926174651605,589228
"2022-02-07T00:00:00.000Z",76.8,77,75.5,76.57,-0.01999664,-0.026108683741025953,330224
"2022-02-08T00:00:00.000Z",76.99,76.99,76,76.29,-0.2799988,-0.36567690268789704,373356
"2022-02-09T00:00:00.000Z",76.29,80.6,75.1,79.9,3.610001,4.731945271096412,3921875
"2022-02-10T00:00:00.000Z",80.19,84.45,79.25,80.32,0.4199982,0.5256548066811182,3978426
"2022-02-11T00:00:00.000Z",79.8,80.9,78.31,78.95,-1.370003,-1.7056809621882112,1069164
"2022-02-14T00:00:00.000Z",79.98,79.98,77.15,77.35,-1.599998,-2.0265966314527333,92665
"2022-02-15T00:00:00.000Z",78.99,78.99,77.5,78.24,0.8899994,1.1506133071704203,183747
"2022-02-16T00:00:00.000Z",78.75,78.88,78,78.19,-0.04999542,-0.06390008042768876,309255
"2022-02-17T00:00:00.000Z",78.9,81.39,78,78.52,0.3299942,0.42204140621767294,1147503
"2022-02-18T00:00:00.000Z",78.72,79,78.2,78.5,-0.01999664,-0.025466939449425834,107656
"2022-02-21T00:00:00.000Z",78.1,79.43,77.95,78.18,-0.3199997,-0.40764293149417674,262163
"2022-02-22T00:00:00.000Z",77.75,79,76.21,78.11,-0.06999969,-0.08953656981013478,709542
"2022-02-23T00:00:00.000Z",78.11,78.89,76.27,77.5,-0.6100006,-0.7809507045375698,204749
"2022-02-24T00:00:00.000Z",76.9,77,74.5,75.52,-1.980003,-2.554842481748033,799490
"2022-02-25T00:00:00.000Z",76.99,77.25,75.39,76.24,0.7200012,0.9533914346407537,229328
"2022-02-28T00:00:00.000Z",77.8,77.8,76,77.12,0.8800049,1.1542562389278013,361623
"2022-03-01T00:00:00.000Z",78.48,79.4,77,77.41,0.2900009,0.37603851579920466,733190
"2022-03-02T00:00:00.000Z",76.16,78,76.16,77.33,-0.08000183,-0.10334818254583163,158588
"2022-03-03T00:00:00.000Z",77.49,77.49,76.5,76.58,-0.75,-0.9698693909220225,94440
"2022-03-04T00:00:00.000Z",77.95,77.95,76.5,76.66,0.08000183,0.1044683101485637,22804
"2022-03-07T00:00:00.000Z",75.13,76.7,73.8,73.99,-2.670006,-3.482919111694304,137412
"2022-03-08T00:00:00.000Z",73.99,74,72.75,73,-0.9899979,-1.3380158509235474,204507
"2022-03-09T00:00:00.000Z",73,75.75,71.26,71.84,-1.160004,-1.5890464882714253,129984
"2022-03-10T00:00:00.000Z",73.5,74,72.75,73.76,1.920006,2.67261436575287,492687
"2022-03-11T00:00:00.000Z",75,75,73.5,73.81,0.04999542,0.06778120511879177,702335
"2022-03-14T00:00:00.000Z",73,74.5,72.75,73.77,-0.04000092,-0.0541944445216246,26366
"2022-03-15T00:00:00.000Z",74.98,74.98,73.7,74.5,0.7300034,0.9895668071645267,137551
"2022-03-16T00:00:00.000Z",74.9,74.9,73.99,74.48,-0.01999664,-0.026841128727331437,228777
"2022-03-17T00:00:00.000Z",75,75,73.02,73.18,-1.300003,-1.7454389737336609,31732
"2022-03-18T00:00:00.000Z",73,76,72.01,73.89,0.7099991,0.9702091982346506,180494
"2022-03-21T00:00:00.000Z",74,74.75,73.75,73.99,0.09999847,0.1353342372843229,12487
"2022-03-22T00:00:00.000Z",74.49,74.49,73.2,73.36,-0.6299973,-0.8514627963096303,17784
"2022-03-24T00:00:00.000Z",74.39,74.47,72.75,73.49,0.1299973,0.1772046008935057,101114
"2022-03-25T00:00:00.000Z",74.42,74.45,72.75,72.8,-0.6899948,-0.9388962427848752,40226
"2022-03-28T00:00:00.000Z",74.14,74.14,72.01,72.4,-0.4000015,-0.5494525985689711,713818
"2022-03-29T00:00:00.000Z",72.98,74.38,72.98,73.5,1.099998,1.5193342121730882,486731
"2022-03-30T00:00:00.000Z",74.38,74.38,72.71,73,-0.5,-0.6802721088435374,55057
"2022-03-31T00:00:00.000Z",73.75,74,72.75,73.9,0.9000015,1.2328787924564135,86712
"2022-04-01T00:00:00.000Z",72,74.75,72,74.02,0.1199951,0.1623749554040963,493966
"2022-04-04T00:00:00.000Z",74,74,71,72.68,-1.339996,-1.810316228603957,18513
"2022-04-05T00:00:00.000Z",74,74,72.68,73.34,0.659996,0.9080847051136651,211946
"2022-04-06T00:00:00.000Z",73.7,73.98,72.53,73.02,-0.3199997,-0.4363235632792074,330224
"2022-04-07T00:00:00.000Z",73.01,73.5,72.91,73,-0.01999664,-0.02738515601224492,119257
"2022-04-08T00:00:00.000Z",72.1,73.8,72.1,73.4,0.4000015,0.547947271533163,198585
"2022-04-11T00:00:00.000Z",74.5,75.4,73.11,73.94,0.5400009,0.7356960580671179,415602
"2022-04-12T00:00:00.000Z",74.7,74.7,73,74.17,0.2299957,0.3110571904578588,555137
"2022-04-13T00:00:00.000Z",74.84,74.84,73.26,74,-0.1699982,-0.22920076058462138,79371
"2022-04-14T00:00:00.000Z",74.68,74.68,73.48,73.97,-0.02999878,-0.040538892560235795,27252
"2022-04-15T00:00:00.000Z",74.94,74.94,73.5,74,0.02999878,0.04055533257432059,64757
"2022-04-18T00:00:00.000Z",74.1,74.88,72.8,73.28,-0.7200012,-0.9729745788166285,138461
"2022-04-19T00:00:00.000Z",73.69,73.69,72.16,72.51,-0.7699966,-1.050759601154239,9861
"2022-04-20T00:00:00.000Z",72.52,74.88,71.72,71.98,-0.5299988,-0.7309320214745335,35669
"2022-04-21T00:00:00.000Z",73.99,73.99,70.1,70.47,-1.510002,-2.0978076660792535,196956
"2022-04-22T00:00:00.000Z",72,72,70.02,71.3,0.8300018,1.1778087430120014,71621
"2022-04-25T00:00:00.000Z",74.14,74.14,71.5,71.86,0.5599976,0.7854103522442517,44866
"2022-04-26T00:00:00.000Z",72.69,72.69,71,71.9,0.04000092,0.05566507168399479,89845
"2022-04-27T00:00:00.000Z",72.96,72.96,70.75,70.91,-0.9899979,-1.3769094977956875,66102
"2022-04-28T00:00:00.000Z",72.48,72.48,69.75,70.74,-0.1700058,-0.2397486759195837,999689
"2022-05-06T00:00:00.000Z",70.75,72.5,69.5,70.12,-0.6199951,-0.8764421019870837,21638
"2022-05-09T00:00:00.000Z",70.25,70.75,65.5,67.5,-2.620003,-3.736455915439707,211350
"2022-05-10T00:00:00.000Z",65.25,68.19,65.25,67.51,0.01000214,0.014817985654970209,84138
"2022-05-11T00:00:00.000Z",68.49,68.49,66.45,66.54,-0.9700012,-1.4368259261710692,207836
"2022-05-12T00:00:00.000Z",64.5,67.25,64.5,67,0.4599991,0.6913121337213568,100264
"2022-05-13T00:00:00.000Z",66,72.02,65.13,71.32,4.32,6.447761194029851,196762
"2022-05-16T00:00:00.000Z",71.32,71.32,67.26,70.22,-1.099998,-1.5423416024212453,48286
"2022-05-17T00:00:00.000Z",71.99,71.99,69,69.54,-0.6800003,-0.9683854985685608,97576
"2022-05-18T00:00:00.000Z",68,70.5,68,68.43,-1.110001,-1.5962050388811468,114567
"2022-05-19T00:00:00.000Z",68.5,68.99,66.95,67.47,-0.9599991,-1.4028921710156794,130068
"2022-05-20T00:00:00.000Z",70.5,70.5,67,67.54,0.06999969,0.10374935479231806,64876
"2022-05-23T00:00:00.000Z",67.8,67.98,65.11,66.02,-1.520004,-2.2505240005612084,74861
"2022-05-24T00:00:00.000Z",65.11,67.25,64.5,65.34,-0.6800003,-1.02999136157229,61823
"2022-05-25T00:00:00.000Z",64.9,65.5,63,64.99,-0.3499985,-0.5356573431816042,162476
"2022-05-26T00:00:00.000Z",65.25,68.22,63.64,68.03,3.040001,4.677644324936827,37070
"2022-05-27T00:00:00.000Z",69.03,71,67.01,67.52,-0.5100021,-0.7496723272921963,211861
"2022-05-30T00:00:00.000Z",67.75,69.5,67.3,68.81,1.290001,1.9105465330353455,90564
"2022-05-31T00:00:00.000Z",69,69.24,67.5,67.57,-1.239998,-1.8020607993623254,20190
"2022-06-01T00:00:00.000Z",67.99,67.99,66.5,66.7,-0.8700027,-1.2875575924758695,58459
"2022-06-02T00:00:00.000Z",65.21,68,65.21,65.61,-1.089996,-1.6341770095458477,22063
"2022-06-03T00:00:00.000Z",65.75,68.98,63.95,63.98,-1.630001,-2.4843788677887693,68727
"2022-06-06T00:00:00.000Z",64.25,65.25,64.2,64.95,0.9699974,1.5160946554884946,16205
"2022-06-07T00:00:00.000Z",65.25,67.25,65,65.4,0.4500046,0.6928477780923753,344393
"2022-06-08T00:00:00.000Z",65.5,65.5,64.85,65,-0.4000015,-0.6116230746569631,152701
"2022-06-09T00:00:00.000Z",64.51,66,64.51,65.1,0.09999847,0.15384379637875376,351251
"2022-06-10T00:00:00.000Z",65.2,65.7,65,65.15,0.05000305,0.07680960421304597,22263
"2022-06-13T00:00:00.000Z",68.85,68.85,63.6,64.2,-0.9500046,-1.4581804035666943,178185
"2022-06-14T00:00:00.000Z",64.5,64.9,64,64.09,-0.1100006,-0.17134049684105454,25509
"2022-06-15T00:00:00.000Z",65.69,65.69,63.5,64.11,0.02000427,0.031212780984218678,17583
"2022-06-16T00:00:00.000Z",66,66,63.11,64.01,-0.09999847,-0.15597952329821665,121775
"2022-06-17T00:00:00.000Z",64,65,62.02,64.52,0.5099945,0.7967418468664248,203609
"2022-06-20T00:00:00.000Z",64,64.99,63.9,64,-0.5199966,-0.8059464156884348,74834
"2022-06-21T00:00:00.000Z",65.89,65.89,63.8,64.79,0.7900009,1.2343764236084183,60075
"2022-06-22T00:00:00.000Z",64.8,65.05,63.5,64,-0.7900009,-1.2193253419139867,106716
"2022-06-23T00:00:00.000Z",64.5,64.7,64.23,64.5,0.5,0.78125,129260
"2022-06-24T00:00:00.000Z",65.94,65.94,60.11,62,-2.5,-3.875968992248062,253279
"2022-06-27T00:00:00.000Z",62,62.49,61,61.54,-0.4599991,-0.7419340430280749,73959
"2022-06-28T00:00:00.000Z",61.97,61.97,60,60.74,-0.7999992,-1.2999662177441171,115898
"2022-06-29T00:00:00.000Z",62.84,62.84,61.1,61.19,0.4499969,0.7408575519154031,40314
"2022-06-30T00:00:00.000Z",61.8,61.98,61,61,-0.1899986,-0.3105059721312038,53020
"2022-07-01T00:00:00.000Z",62.8,62.8,60,60.6,-0.4000015,-0.6557401478096685,30058
"2022-07-04T00:00:00.000Z",60.99,61.95,60.35,60.93,0.3300018,0.5445574419175478,181330
"2022-07-05T00:00:00.000Z",61.8,62,60.85,61.14,0.2099991,0.34465632184161016,47749
"2022-07-06T00:00:00.000Z",61.14,61.5,61,61,-0.1399994,-0.2289816836341022,86172
"2022-07-07T00:00:00.000Z",61,61.9,60.9,61.02,0.02000046,0.032787639591513346,104912
"2022-07-13T00:00:00.000Z",60.54,61.93,60.54,61,-0.02000046,-0.03277689257493657,28494
"2022-07-14T00:00:00.000Z",61.11,61.83,60.95,61.32,0.3199997,0.5245896695511983,515720
"2022-07-15T00:00:00.000Z",61.8,62.5,61,61.84,0.5200005,0.8480112593608223,92825
"2022-07-18T00:00:00.000Z",61.02,62.99,59.5,60.64,-1.200001,-1.9404931769001752,248700
"2022-07-19T00:00:00.000Z",61.5,61.5,58.01,59.54,-1.099998,-1.8139809305402683,504574
"2022-07-20T00:00:00.000Z",60.8,62.7,57.75,60.83,1.290001,2.166612397826879,1258243
"2022-07-21T00:00:00.000Z",60.29,61.7,58.5,60.86,0.02999878,0.049315764258339105,799100
"2022-07-22T00:00:00.000Z",59.5,60,58,59.67,-1.190002,-1.9553104845445126,824584
"2022-07-25T00:00:00.000Z",58.13,59.4,58.13,59.24,-0.4299965,-0.7206243090696343,190879
"2022-07-26T00:00:00.000Z",59.34,63.68,58.6,61.07,1.829998,3.089125486525136,2024624
"2022-07-27T00:00:00.000Z",60.1,62.19,60.1,61.65,0.5800018,0.9497327936715085,180264
"2022-07-28T00:00:00.000Z",61.65,62.5,61.1,62.3,0.6499977,1.054335240470867,69248
"2022-07-29T00:00:00.000Z",61.4,63.4,61,62.23,-0.06999969,-0.11235905352859242,75187
"2022-08-01T00:00:00.000Z",63.4,63.4,61.05,61.51,-0.7200012,-1.1570001383834139,63521
"2022-08-02T00:00:00.000Z",59.5,61.5,58.03,59.07,-2.439999,-3.966833099769681,313648
"2022-08-03T00:00:00.000Z",60.69,61.05,58.5,59.2,0.1300011,0.22007974000487074,513288
"2022-08-04T00:00:00.000Z",59.45,61,59.45,60.67,1.469997,2.4831029147076222,210887
"2022-08-05T00:00:00.000Z",60.67,61.9,60.13,61.02,0.3500023,0.5768951924651218,384868
"2022-08-10T00:00:00.000Z",61.3,63,61,62.54,1.52,2.4909865617830222,120691
"2022-08-11T00:00:00.000Z",62.74,63,61,62.16,-0.3800011,-0.6076128770646919,213227
"2022-08-12T00:00:00.000Z",62.5,64.9,62,63.93,1.77,2.8474903474903477,354225
"2022-08-15T00:00:00.000Z",64.49,68.72,64.49,67.71,3.779999,5.912715377558028,3498042
"2022-08-16T00:00:00.000Z",66.8,68.48,66.8,67.43,-0.2799988,-0.4135265174454558,1692079
"2022-08-17T00:00:00.000Z",67.98,67.99,66,66.32,-1.110001,-1.6461530231921546,161342
"2022-08-18T00:00:00.000Z",66.1,66.99,66,66.09,-0.2300034,-0.34680848644226697,114333
"2022-08-19T00:00:00.000Z",66.75,67,66,66.01,-0.0799942,-0.12103829175400352,101768
"2022-08-22T00:00:00.000Z",66.5,66.5,64,66.08,0.06999969,0.10604406858243205,92867
"2022-08-23T00:00:00.000Z",66.9,66.9,64.5,66,-0.08000183,-0.12106814132029813,1057815
"2022-08-24T00:00:00.000Z",66.97,66.97,65,65.01,-0.9899979,-1.4999968659089908,150891
"2022-08-25T00:00:00.000Z",65.89,66,64.5,64.67,-0.340004,-0.5230025828024868,371580
"2022-08-26T00:00:00.000Z",65.5,65.5,63.5,64.04,-0.6299973,-0.9741724544652176,393901
"2022-08-29T00:00:00.000Z",64,64.04,60.5,62.57,-1.470001,-2.295441875461557,293860
"2022-08-30T00:00:00.000Z",63.33,65.9,62,62.34,-0.2299995,-0.3675875049351726,216325
"2022-08-31T00:00:00.000Z",61,64,61,63.44,1.099998,1.7645138991172957,1677919
"2022-09-01T00:00:00.000Z",63.9,64.99,62.25,63.01,-0.4300003,-0.6778062704391254,273802
"2022-09-02T00:00:00.000Z",64,64,62.3,62.98,-0.02999878,-0.04760955496085791,395953
"2022-09-05T00:00:00.000Z",63.01,63.85,61.52,62.71,-0.2700005,-0.4287083166980921,263393
"2022-09-06T00:00:00.000Z",61.62,62.8,61.62,62.24,-0.4699974,-0.7494776263537207,302938
"2022-09-07T00:00:00.000Z",62.8,63.1,62.25,63.01,0.7699966,1.2371409992564366,603080
"2022-09-08T00:00:00.000Z",63,63.55,62.25,63.19,0.1800003,0.2856694189128841,32799
"2022-09-09T00:00:00.000Z",62.02,64.25,62.02,63.49,0.3000031,0.4747635934762959,833251
"2022-09-12T00:00:00.000Z",63.69,64.8,62.99,63.61,0.1199989,0.18900440686872189,370238
"2022-09-13T00:00:00.000Z",64,64,61.25,63.01,-0.6000023,-0.9432514986719314,287319
"2022-09-14T00:00:00.000Z",63.85,65.99,62.25,65.38,2.369999,3.761306082188445,1537449
"2022-09-15T00:00:00.000Z",65.9,66.9,62,63.6,-1.779999,-2.7225436329541703,3604019
"2022-09-16T00:00:00.000Z",63.6,64.5,63,63.9,0.3000031,0.47170301041319707,451151
"2022-09-19T00:00:00.000Z",63.92,64.1,63.04,63.5,-0.4000015,-0.6259804234902874,268101
"2022-09-20T00:00:00.000Z",63.5,64.2,62.5,63,-0.5,-0.7874015748031495,375730
"2022-09-21T00:00:00.000Z",63.97,63.97,62,62.87,-0.1300011,-0.20635094877799934,77351
"2022-09-22T00:00:00.000Z",61.5,63.25,61.5,63.05,0.1800003,0.28630555250344625,94635
"2022-09-23T00:00:00.000Z",63.5,63.5,62.05,63.05,0,0,118735
"2022-09-26T00:00:00.000Z",62.05,63.49,62,62.97,-0.07999802,-0.1268802894722121,203216
"2022-09-27T00:00:00.000Z",62.75,63.5,62.1,62.54,-0.4300003,-0.6828653294448214,307483
"2022-09-28T00:00:00.000Z",62.99,62.99,62.5,62.57,0.02999878,0.047967347960982336,305595
"2022-09-29T00:00:00.000Z",62.5,62.99,62.25,62.52,-0.04999924,-0.07990928657073769,73947
"2022-09-30T00:00:00.000Z",62.26,63.5,62.26,62.95,0.4300003,0.6877803935754018,99892
"2022-10-03T00:00:00.000Z",62.29,63.7,62.01,62.34,-0.6100006,-0.9690239780553712,36652
"2022-10-04T00:00:00.000Z",62.9,63,62.31,62.71,0.3699989,0.5935176346989188,749656
"2022-10-05T00:00:00.000Z",62.8,62.9,62.06,62.53,-0.1800003,-0.28703603753610574,60342
"2022-10-06T00:00:00.000Z",62.1,63.89,61.9,63.07,0.5400009,0.8635869307089116,326976
"2022-10-07T00:00:00.000Z",62,62,58.72,59.92,1.199997,2.043591516846482,298927
"2022-10-10T00:00:00.000Z",59,60.83,58.5,58.75,-1.169998,-1.95260019868492,109538
"2022-10-11T00:00:00.000Z",58.57,59.39,56.7,57.31,-1.439999,-2.4510621693797816,326748
"2022-10-12T00:00:00.000Z",56.76,60,56.5,58.5,1.189999,2.0764246714984353,88814
"2022-10-13T00:00:00.000Z",58.52,59.24,58,59,0.5,0.8547008547008548,29444
"2022-10-14T00:00:00.000Z",59,59.95,58.11,59.17,0.1699982,0.28813253358239727,41039
"2022-10-17T00:00:00.000Z",59.98,59.99,58.1,59.09,-0.07999802,-0.13520030873240851,22072
"2022-10-18T00:00:00.000Z",60,63,59.05,61.48,2.389999,4.044675849641634,923384
"2022-10-19T00:00:00.000Z",61.5,62.44,61,62.02,0.5400009,0.8783358944453855,674655
"2022-10-20T00:00:00.000Z",62.3,62.5,61.5,62.43,0.4099998,0.661076747303848,68891
"2022-10-21T00:00:00.000Z",61.5,63.89,61,62,-0.4300003,-0.6887719012232649,83739
"2022-10-24T00:00:00.000Z",63.55,63.55,61.76,62.3,0.2999992,0.48386967117587526,117671
"2022-10-25T00:00:00.000Z",62.89,62.89,61.01,62.01,-0.2900009,-0.46549100451136594,11964
"2022-10-26T00:00:00.000Z",60.5,62,60.5,61.11,-0.8999977,-1.4513751546228488,391760
"2022-10-27T00:00:00.000Z",62,62,60.48,61.01,-0.1000023,-0.16364309644282243,681124
"2022-10-28T00:00:00.000Z",61.5,61.9,59.1,60.01,-1,-1.63907556138338,67239
"2022-10-31T00:00:00.000Z",61.25,61.25,59.06,59.82,-0.1899986,-0.3166115721255824,7730
"2022-11-01T00:00:00.000Z",61.89,61.89,58.51,59.87,0.04999924,0.08358281405010133,17182
"2022-11-02T00:00:00.000Z",61,61.3,59.02,60.62,0.75,1.2527142141306165,38140
"2022-11-03T00:00:00.000Z",60.04,61.5,60.04,61.42,0.7999992,1.3196951326995034,39261
"2022-11-04T00:00:00.000Z",61,61.49,60.5,60.98,-0.4399986,-0.7163767665732249,4207
"2022-11-07T00:00:00.000Z",61,61.02,59.9,60.06,-0.9199982,-1.5086884669668617,32143
"2022-11-08T00:00:00.000Z",60.75,61,55.6,58.88,-1.18,-1.9647019647019643,1140911
"2022-11-10T00:00:00.000Z",58.88,60.92,58.5,60.88,2,3.3967391304347823,146275
"2022-11-11T00:00:00.000Z",60.06,60.78,59.5,60.25,-0.6300011,-1.0348243899752492,106095
"2022-11-14T00:00:00.000Z",58.21,59.55,58.21,59,-1.25,-2.0746887966804977,82805
"2022-11-15T00:00:00.000Z",58.45,59.5,58.45,58.62,-0.3800011,-0.644069649008871,63480
"2022-11-16T00:00:00.000Z",58.31,59,58,58.37,-0.25,-0.42647560559536,62957
"2022-11-17T00:00:00.000Z",59,59,58.6,58.9,0.5300026,0.9080051800721856,49940
"2022-11-18T00:00:00.000Z",58.01,59.1,57,57.04,-1.860001,-3.157896381020435,200124
"2022-11-21T00:00:00.000Z",58.44,58.44,56.82,57,-0.04000092,-0.07012783898110779,99974
"2022-11-22T00:00:00.000Z",56.12,57.75,53.5,56.17,-0.8300018,-1.456143462788452,812162
"2022-11-23T00:00:00.000Z",55.66,56.51,55.66,56.38,0.2100029,0.3738702347200228,130251
"2022-11-24T00:00:00.000Z",56.1,60,56.1,57,0.6199989,1.0996787653485873,129819
"2022-11-25T00:00:00.000Z",57.5,57.55,56.5,56.94,-0.06000137,-0.10526555887344181,99225
"2022-11-28T00:00:00.000Z",56.9,56.9,54.5,55.03,-1.91,-3.3544081489286968,439794
"2022-11-29T00:00:00.000Z",55.01,55.97,55.01,55.47,0.4400024,0.7995682703791359,172396
"2022-11-30T00:00:00.000Z",55.03,56.4,55.03,56.05,0.579998,1.0456065965167987,272823
"2022-12-01T00:00:00.000Z",56.5,57.81,56.01,57.35,1.299999,2.3193558908232665,101066
"2022-12-02T00:00:00.000Z",57.5,57.5,56.01,56.47,-0.8799973,-1.5344330277762714,1180389
"2022-12-05T00:00:00.000Z",56.99,59,56.56,58.5,2.029999,3.5948272782924158,1241420
"2022-12-06T00:00:00.000Z",58.5,60.45,57.75,60.22,1.720001,2.940172699832012,1917692
"2022-12-07T00:00:00.000Z",60,61.69,59,59.45,-0.7700005,-1.278645788121506,5195723
"2022-12-08T00:00:00.000Z",60,60,58,58.8,-0.6500015,-1.093358256685662,36944
"2022-12-09T00:00:00.000Z",59.78,59.78,57.65,58.42,-0.3800011,-0.6462603620597551,48573
"2022-12-12T00:00:00.000Z",58.01,58.65,57.5,58.01,-0.4099998,-0.7018141071612946,197340
"2022-12-13T00:00:00.000Z",57.25,59.9,57.25,59.57,1.560001,2.689193288901798,743445
"2022-12-14T00:00:00.000Z",58,60.35,58,60,0.4300003,0.7218403595190886,921385
"2022-12-15T00:00:00.000Z",59.11,60.45,58.61,59.99,-0.009998322,-0.01666387046603291,1137880
"2022-12-16T00:00:00.000Z",59.75,60.39,59.2,59.87,-0.1200027,-0.20003783063673708,454899
"2022-12-19T00:00:00.000Z",58.67,60.5,58.67,59.73,-0.1399994,-0.23383898680981113,145018
"2022-12-20T00:00:00.000Z",60,60,56.1,56.58,-3.149998,-5.2737286212532615,319267
"2022-12-21T00:00:00.000Z",56.11,58.5,56,58.39,1.809998,3.199006603075058,781463
"2022-12-22T00:00:00.000Z",57.99,58.27,56.25,57.99,-0.3999977,-0.6850448976811657,345337
"2022-12-23T00:00:00.000Z",58.49,58.49,56.51,57.62,-0.3700027,-0.6380456678268097,114544
"2022-12-26T00:00:00.000Z",57.89,59.45,56.54,59.18,1.560001,2.7073950487225797,176319
"2022-12-27T00:00:00.000Z",57.53,59.98,57.53,57.96,-1.220001,-2.061508920893732,86888
"2022-12-28T00:00:00.000Z",59.39,59.39,55.01,55.82,-2.139999,-3.6921998566632133,605291
"2022-12-29T00:00:00.000Z",57.49,57.5,55.11,57,1.18,2.1139376567538513,151063
"2022-12-30T00:00:00.000Z",58,58,56,56.65,-0.3499985,-0.6140324722991002,46738
"2023-01-02T00:00:00.000Z",56.99,56.99,55.7,56.04,-0.6100006,-1.0767883381099206,62380
"2023-01-03T00:00:00.000Z",56.6,56.98,55.01,55.3,-0.7400017,-1.3204883610844003,27627
"2023-01-04T00:00:00.000Z",55.3,56.39,55,55.89,0.5900002,1.066908141290807,24212
"2023-01-05T00:00:00.000Z",55.01,56.5,55.01,56.25,0.3600006,0.6441234637050292,35677
"2023-01-06T00:00:00.000Z",55.12,57.93,55.12,56.5,0.25,0.4444444444444444,57111
"2023-01-09T00:00:00.000Z",56,56.9,54.52,55.11,-1.389999,-2.460175264781863,76181
"2023-01-10T00:00:00.000Z",56,56.5,55.21,55.96,0.8499985,1.542367042033196,80587
"2023-01-11T00:00:00.000Z",56,56,54,54.17,-1.790001,-3.1987150965204596,63817
"2023-01-12T00:00:00.000Z",55,55.74,53.1,53.51,-0.6599998,-1.2183861961173572,668630
"2023-01-13T00:00:00.000Z",53.3,55,51.3,53.5,-0.009998322,-0.01868496040652894,106518
"2023-01-16T00:00:00.000Z",53,54,52.3,53.07,-0.4300003,-0.8037388739977259,32623
"2023-01-17T00:00:00.000Z",53.97,53.97,49.5,50.67,-2.400002,-4.522332597613243,2455649
"2023-01-18T00:00:00.000Z",52.8,52.8,50,51.74,1.070004,2.1117112383431014,85223
"2023-01-19T00:00:00.000Z",51.01,52.9,50.26,50.81,-0.9300003,-1.797449351773583,317902
"2023-01-20T00:00:00.000Z",51,51,48.06,49.53,-1.280003,-2.5191948916043163,165808
"2023-01-23T00:00:00.000Z",47.5,50.9,47.5,49.35,-0.1800003,-0.36341671493993505,5612
"2023-01-24T00:00:00.000Z",52,52,48.1,50.02,0.670002,1.3576535504621499,305867
"2023-01-25T00:00:00.000Z",51.8,52.5,51,52.3,2.279999,4.5581746389809155,714429
"2023-01-26T00:00:00.000Z",51.04,54.5,51.04,53.51,1.209999,2.3135735695301425,1454417
"2023-01-27T00:00:00.000Z",53.01,53.5,52.01,52.88,-0.6299973,-1.1773450416526183,201875
"2023-01-30T00:00:00.000Z",52.02,53.5,51.6,52.18,-0.7000008,-1.323753383906908,38511
"2023-01-31T00:00:00.000Z",52.97,53.2,51.5,52.35,0.1699982,0.3257918630428257,374585
"2023-02-01T00:00:00.000Z",53,53,51.5,51.86,-0.4899979,-0.9360036669648081,140162
"2023-02-02T00:00:00.000Z",52.75,52.75,51.4,51.56,-0.2999992,-0.578478990797979,93549
"2023-02-03T00:00:00.000Z",52.97,52.97,51,52,0.4399986,0.8533719706221731,110113
"2023-02-06T00:00:00.000Z",52,52.5,51.8,52.01,0.009998322,0.019227541687234333,146127
"2023-02-07T00:00:00.000Z",53.89,53.89,51.13,51.97,-0.0399971,-0.07690271530509277,136866
"2023-02-08T00:00:00.000Z",52.01,53.5,52.01,53.5,1.529999,2.944004176563322,113971
"2023-02-09T00:00:00.000Z",53.75,53.99,52.81,53.55,0.04999924,0.09345652203687932,912805
"2023-02-10T00:00:00.000Z",53.25,53.48,52.04,52.54,-1.009998,-1.8860841040554286,20766
"2023-02-13T00:00:00.000Z",54,54,52,52.2,-0.3400002,-0.6471263774376612,207258
"2023-02-14T00:00:00.000Z",52.3,53.53,48.8,51.2,-1,-1.9157088122605364,900597
"2023-02-15T00:00:00.000Z",50.8,51,49.36,50.02,-1.18,-2.3046875,134897
"2023-02-16T00:00:00.000Z",50.48,51.49,48.75,48.84,-1.18,-2.35905637744902,460726
"2023-02-17T00:00:00.000Z",51,51,48.75,49.56,0.7200012,1.4742039674251588,201392
"2023-02-20T00:00:00.000Z",49.01,49.5,48.6,49,-0.5600014,-1.129946295764229,54183
"2023-02-21T00:00:00.000Z",49,50.25,49,50,1,2.0408163265306123,3044697
"2023-02-22T00:00:00.000Z",50,51.2,50,50.34,0.3400002,0.6800004027200015,29682
"2023-02-23T00:00:00.000Z",50,51.48,50,50.68,0.3400002,0.6754076308121081,40707
"2023-02-24T00:00:00.000Z",50.52,51,49.5,49.82,-0.8600006,-1.6969230264768387,31333
"2023-02-27T00:00:00.000Z",50,50.2,48.8,49.99,0.170002,0.34123245047099354,1593322
"2023-02-28T00:00:00.000Z",49.7,50.47,49.5,49.75,-0.2400017,-0.4800994035573318,3227439
"2023-03-01T00:00:00.000Z",49.84,49.84,49,49.12,-0.6300011,-1.2663338413473926,2840664
"2023-03-02T00:00:00.000Z",49.88,49.88,48.82,48.87,-0.25,-0.508957654723127,45051
"2023-03-03T00:00:00.000Z",49.86,49.86,48.1,48.23,-0.6399994,-1.3095956780388256,45983
"2023-03-06T00:00:00.000Z",48.6,49.8,48.6,49.34,1.110001,2.301474233909895,26902
"2023-03-07T00:00:00.000Z",49.5,49.5,48.65,49,-0.3400002,-0.689096470656277,14622
"2023-03-08T00:00:00.000Z",49.75,49.75,49,49.39,0.3899994,0.7959171331112187,173404
"2023-03-09T00:00:00.000Z",49.79,49.79,48.51,49.28,-0.1100006,-0.22271836133567488,47633
"2023-03-10T00:00:00.000Z",49.8,49.8,48.5,48.89,-0.3899994,-0.791394895999126,129274
"2023-03-13T00:00:00.000Z",49.7,49.7,48.89,49.02,0.1300011,0.26590530358960596,27345
"2023-03-14T00:00:00.000Z",48.8,49.79,48.8,48.9,-0.1199989,-0.24479580312679283,15561
"2023-03-15T00:00:00.000Z",48.8,49.79,48.8,49.6,0.6999969,1.4314864123188573,135492
"2023-03-16T00:00:00.000Z",49.78,50.4,49,49.14,-0.4599991,-0.9274175571507219,386439
"2023-03-17T00:00:00.000Z",49.02,49.84,48.5,49.09,-0.04999924,-0.1017485567221999,319798
"2023-03-20T00:00:00.000Z",49.5,49.5,48.15,48.25,-0.8400002,-1.7111431993842199,25648
"2023-03-21T00:00:00.000Z",49.24,49.25,48.5,49.18,0.9300003,1.9274617736422497,27567
"2023-03-22T00:00:00.000Z",49.25,49.6,48.75,48.98,-0.2000008,-0.40667099785813754,31398
"2023-03-24T00:00:00.000Z",48.7,49.4,47.94,48.08,-0.8999977,-1.8374800781176845,9958
"2023-03-27T00:00:00.000Z",47.9,48.08,47.9,48.01,-0.07000351,-0.1455979718999817,9508
"2023-03-28T00:00:00.000Z",48.89,48.95,47.5,48,-0.009998322,-0.02082549958227845,14583
"2023-03-29T00:00:00.000Z",49.73,49.73,47.8,47.96,-0.04000092,-0.08333524840274108,16418
"2023-03-30T00:00:00.000Z",49.1,49.5,46.1,48.24,0.2800026,0.5838253027094618,65933
"2023-03-31T00:00:00.000Z",49.4,49.4,47,47.89,-0.3500023,-0.725543705042485,1086851
"2023-04-03T00:00:00.000Z",46.33,48.5,46.33,47.94,0.04999924,0.10440434162983295,102563
"2023-04-04T00:00:00.000Z",47.8,49.2,47.01,48.16,0.2200012,0.4589094816581431,26756
"2023-04-05T00:00:00.000Z",48.88,48.88,47.51,48,-0.1599998,-0.3322254997185444,22844
"2023-04-06T00:00:00.000Z",48.1,48.49,47.05,47.78,-0.2200012,-0.4583358218749378,36568
"2023-04-07T00:00:00.000Z",48,48.45,47.5,47.72,-0.05999756,-0.12557045429870048,119297
"2023-04-10T00:00:00.000Z",47.01,47.99,47.01,47.58,-0.1399994,-0.29337678491253294,22883
"2023-04-11T00:00:00.000Z",47.21,48,47.03,47.96,0.3799973,0.7986491770417659,2606641
"2023-04-12T00:00:00.000Z",47.6,48.86,47.6,48.09,0.1300011,0.2710615158083334,17290
"2023-04-13T00:00:00.000Z",48.27,48.62,48.09,48.13,0.04000092,0.08317929042472337,22245
"2023-04-17T00:00:00.000Z",47.15,49.39,47.15,47.52,-0.6100006,-1.2674020203523537,49139
"2023-04-18T00:00:00.000Z",48.74,50.01,46.7,49.02,1.5,3.156565656565656,1063877
"2023-04-19T00:00:00.000Z",49.05,50.8,48.8,49.03,0.009998322,0.020396413010502223,503911
"2023-04-20T00:00:00.000Z",49.1,50.3,48.65,49,-0.02999878,-0.06118454159994168,254295
"2023-04-26T00:00:00.000Z",49.4,49.8,48.91,48.99,-0.009998322,-0.020404739474268425,923258
"2023-04-27T00:00:00.000Z",48.81,49.5,48.25,48.57,-0.420002,-0.8573218674291951,243470
"2023-04-28T00:00:00.000Z",48.16,49,48,48.5,-0.06999969,-0.14412124860361514,369384
"2023-05-02T00:00:00.000Z",48.75,49,48.26,48.5,0,0,127551
"2023-05-03T00:00:00.000Z",48.55,49,47.8,48.2,-0.2999992,-0.6185550617493618,304320
"2023-05-04T00:00:00.000Z",48.5,50,48.3,49.45,1.25,2.593360995850622,943396
"2023-05-05T00:00:00.000Z",49.4,51.49,49.15,50.31,0.8600006,1.7391316692311223,538223
"2023-05-08T00:00:00.000Z",50.31,50.79,49.61,49.76,-0.5500031,-1.0932281178889451,137834
"2023-05-09T00:00:00.000Z",49.9,49.9,49,49.22,-0.5399971,-1.0852032384865231,284917
"2023-05-10T00:00:00.000Z",48,49.4,48,49.17,-0.05000305,-0.10159091203063221,28649
"2023-05-11T00:00:00.000Z",49,49.3,48.5,48.91,-0.2599983,-0.5287742708748477,44231
"2023-05-12T00:00:00.000Z",49.25,49.83,47,49.62,0.7099991,1.4516440133616926,82346
"2023-05-15T00:00:00.000Z",49.05,49.88,48.75,49.07,-0.5499992,-1.1084224281889952,139970
"2023-05-16T00:00:00.000Z",49.2,49.69,48.75,49.1,0.02999878,0.061134663244664975,703249
"2023-05-17T00:00:00.000Z",49.39,49.39,48.91,48.98,-0.1199989,-0.24439695048547144,227969
"2023-05-18T00:00:00.000Z",49.2,49.2,48.15,48.55,-0.4300003,-0.8779099578731525,223898
"2023-05-19T00:00:00.000Z",48.8,49.69,48.7,49.25,0.7000008,1.4418142359104302,229993
"2023-05-22T00:00:00.000Z",48.2,49.24,47,47.17,-2.080002,-4.223354143214045,629855
"2023-05-23T00:00:00.000Z",48,48,47.35,47.5,0.3300018,0.6996010442925987,547158
"2023-05-24T00:00:00.000Z",47.9,48.88,47.5,48.56,1.060001,2.2315810996122334,305201
"2023-05-25T00:00:00.000Z",48.94,48.94,48.06,48.46,-0.1000023,-0.20593553390338284,388408
"2023-05-26T00:00:00.000Z",48.25,48.25,47.35,47.47,-0.9899979,-2.042917752582073,1783549