"Date_","Open","High","Low","Close","Change","change_valueP","ChangeP","Volume"
"2004-01-20T00:00:00.000Z",9.25,9.5,9.5,9.5,0,0,0,0
"2004-01-26T00:00:00.000Z",9.5,10,10,10,0.5,5.263157894736842,5.263157894736842,0
"2004-02-09T00:00:00.000Z",10,9,9,9,-1,-10,-10,0
"2004-02-10T00:00:00.000Z",9,8,8,8,-1,-11.11111111111111,-11.11111111111111,1500
"2004-02-17T00:00:00.000Z",8,9.5,9.5,9.5,1.5,18.75,18.75,1500
"2004-02-20T00:00:00.000Z",9.5,10,10,10,0.5,5.263157894736842,5.263157894736842,0
"2004-07-13T00:00:00.000Z",10,10,10,10,0,0,0,10000
"2004-07-14T00:00:00.000Z",10,10,10,10,0,0,0,25000
"2004-07-15T00:00:00.000Z",10,10.25,10.25,10.25,0.25,2.5,2.5,0
"2004-07-19T00:00:00.000Z",10.25,10.25,10.25,10.25,0,0,0,25000
"2004-12-03T00:00:00.000Z",10.25,10.5,10.5,10.5,0.25,2.4390243902439024,2.4390243902439024,0
"2004-12-07T00:00:00.000Z",10.5,11,11,11,0.5,4.761904761904762,4.761904761904762,0
"2004-12-15T00:00:00.000Z",11,11,11,11,0,0,0,10000
"2005-03-14T00:00:00.000Z",11,12,12,12,1,9.090909090909092,9.090909090909092,0
"2005-03-24T00:00:00.000Z",12,13.5,13.3,13.5,1.5,12.5,12.5,1000
"2005-03-30T00:00:00.000Z",13.5,15,15,15,1.5,11.11111111111111,11.11111111111111,0
"2005-04-05T00:00:00.000Z",15,15,14,14,-1,-6.666666666666667,-6.666666666666667,1000
"2005-04-25T00:00:00.000Z",14,14,14,14,0,0,0,500
"2005-05-05T00:00:00.000Z",14,13.5,13.5,13.5,-0.5,-3.571428571428571,-3.571428571428571,0
"2005-08-10T00:00:00.000Z",13.5,14,14,14,0.5,3.7037037037037033,3.7037037037037033,5000
"2006-05-15T00:00:00.000Z",13.27,13,13,13,-1,-7.142857142857142,-7.142857142857142,0
"2006-12-12T00:00:00.000Z",13,12,12,12,-1,-7.6923076923076925,-7.6923076923076925,0
"2007-01-16T00:00:00.000Z",12,13,13,13,1,8.333333333333332,8.333333333333332,500
"2007-05-09T00:00:00.000Z",13,13,13,13,0,0,0,500
"2007-05-28T00:00:00.000Z",12.04,13,13,13,0,0,0,1000
"2007-05-29T00:00:00.000Z",13,14,14,14,1,7.6923076923076925,7.6923076923076925,500
"2007-05-30T00:00:00.000Z",14,15,15,15,1,7.142857142857142,7.142857142857142,500
"2007-06-06T00:00:00.000Z",15,15.5,15.5,15.5,0.5,3.3333333333333335,3.3333333333333335,2000
"2007-06-29T00:00:00.000Z",15.5,15,15,15,-0.5,-3.225806451612903,-3.225806451612903,500
"2007-07-13T00:00:00.000Z",15,14.5,14.5,14.5,-0.5,-3.3333333333333335,-3.3333333333333335,500
"2007-07-16T00:00:00.000Z",14.5,15,15,15,0.5,3.4482758620689653,3.4482758620689653,120000
"2007-07-18T00:00:00.000Z",15,15.9,15.9,15.9,0.9,6.000000000000001,6.000000000000001,9000
"2007-09-18T00:00:00.000Z",15.9,15.5,15.5,15.5,-0.4,-2.515723270440252,-2.515723270440252,35000
"2007-09-26T00:00:00.000Z",15.5,15.8,15.8,15.8,0.3,1.935483870967742,1.935483870967742,35000
"2007-10-08T00:00:00.000Z",15.8,15.75,15.75,15.75,-0.05,-0.31645569620253167,-0.31645569620253167,0
"2007-10-09T00:00:00.000Z",15.75,15.5,15.5,15.5,-0.25,-1.5873015873015872,-1.5873015873015872,0
"2007-11-08T00:00:00.000Z",15.5,15,15,15,-0.5,-3.225806451612903,-3.225806451612903,0
"2007-11-19T00:00:00.000Z",15,14.9,14.9,14.9,-0.1,-0.6666666666666667,-0.6666666666666667,0
"2008-01-07T00:00:00.000Z",14.9,14,14,14,-0.9,-6.0402684563758395,-6.0402684563758395,0
"2008-01-09T00:00:00.000Z",14,13,13,13,-1,-7.142857142857142,-7.142857142857142,0
"2008-01-23T00:00:00.000Z",13,12.5,12.5,12.5,-0.5,-3.8461538461538463,-3.8461538461538463,0
"2009-01-02T00:00:00.000Z",11.91,11.91,11.91,11.91,-0.59,-4.72,-4.72,2500
"2009-02-19T00:00:00.000Z",11.91,11.91,11.91,11.91,0,0,0,2500
"2009-02-23T00:00:00.000Z",11.91,11.91,11.91,11.91,0,0,0,7500
"2009-02-24T00:00:00.000Z",11.91,12,11.8,11.9,-0.01,-0.08396305625524769,-0.08396305625524769,1000
"2009-03-09T00:00:00.000Z",11.9,12.9,12.9,12.9,1,8.403361344537814,8.403361344537814,0
"2009-03-11T00:00:00.000Z",12.9,13.9,13.9,13.9,1,7.751937984496124,7.751937984496124,0
"2009-03-13T00:00:00.000Z",13.9,14.9,14.9,14.9,1,7.194244604316546,7.194244604316546,500
"2009-03-16T00:00:00.000Z",14.9,15.9,15.9,15.9,1,6.7114093959731544,6.7114093959731544,500
"2009-03-17T00:00:00.000Z",15.9,16.9,16.9,16.9,1,6.289308176100629,6.289308176100629,0
"2009-03-18T00:00:00.000Z",16.9,15.9,15.9,15.9,-1,-5.9171597633136095,-5.9171597633136095,0
"2009-03-20T00:00:00.000Z",15.9,16.9,16.9,16.9,1,6.289308176100629,6.289308176100629,500
"2009-03-31T00:00:00.000Z",16.9,17.9,15.9,15.9,-1,-5.9171597633136095,-5.9171597633136095,500
"2009-04-01T00:00:00.000Z",15.9,14.9,14.9,14.9,-1,-6.289308176100629,-6.289308176100629,0
"2009-04-02T00:00:00.000Z",14.9,15.89,13.9,15.89,0.99,6.644295302013423,6.644295302013423,1000
"2009-04-03T00:00:00.000Z",15.89,14.89,14.89,14.89,-1,-6.293266205160478,-6.293266205160478,500
"2009-04-06T00:00:00.000Z",14.89,14.5,14.5,14.5,-0.39,-2.6192075218267292,-2.6192075218267292,0
"2009-04-07T00:00:00.000Z",14.5,13.89,13.89,13.89,-0.61,-4.206896551724138,-4.206896551724138,0
"2009-04-08T00:00:00.000Z",13.89,12.89,12.89,12.89,-1,-7.199424046076314,-7.199424046076314,0
"2009-04-13T00:00:00.000Z",12.89,11.89,11.89,11.89,-1,-7.757951900698215,-7.757951900698215,0
"2009-04-21T00:00:00.000Z",11.89,12.5,12.5,12.5,0.61,5.130361648444071,5.130361648444071,1000
"2009-04-24T00:00:00.000Z",12.5,12.5,12.5,12.5,0,0,0,1000
"2009-05-19T00:00:00.000Z",12.5,11.5,11.5,11.5,-1,-8,-8,500
"2009-05-20T00:00:00.000Z",11.5,10.5,10.5,10.5,-1,-8.695652173913043,-8.695652173913043,0
"2009-06-24T00:00:00.000Z",10.5,9.5,9.5,9.5,-1,-9.523809523809524,-9.523809523809524,0
"2009-07-07T00:00:00.000Z",9.5,8.5,8.5,8.5,-1,-10.526315789473683,-10.526315789473683,500
"2009-09-10T00:00:00.000Z",8.5,7.5,7.5,7.5,-1,-11.76470588235294,-11.76470588235294,0
"2009-10-01T00:00:00.000Z",7.5,8.5,8.5,8.5,1,13.333333333333334,13.333333333333334,1285
"2009-10-05T00:00:00.000Z",8.5,8.5,8.5,8.5,0,0,0,100
"2009-10-15T00:00:00.000Z",8.5,8.5,8.5,8.5,0,0,0,100
"2009-10-27T00:00:00.000Z",8.5,8.5,8.5,8.5,0,0,0,100
"2009-10-28T00:00:00.000Z",8.5,8.5,8.5,8.5,0,0,0,100
"2009-10-29T00:00:00.000Z",8.5,9.5,9.45,9.45,0.95,11.176470588235293,11.176470588235293,150
"2009-10-30T00:00:00.000Z",9.45,9,9,9,-0.45,-4.761904761904763,-4.761904761904763,1
"2009-11-05T00:00:00.000Z",9,8.5,8.5,8.5,-0.5,-5.555555555555555,-5.555555555555555,0
"2009-11-06T00:00:00.000Z",8.5,7.5,7.5,7.5,-1,-11.76470588235294,-11.76470588235294,0
"2009-11-10T00:00:00.000Z",7.5,7.25,7.25,7.25,-0.25,-3.3333333333333335,-3.3333333333333335,100
"2009-11-11T00:00:00.000Z",7.25,7.5,7.5,7.5,0.25,3.4482758620689653,3.4482758620689653,100
"2009-11-12T00:00:00.000Z",7.5,7.5,7.5,7.5,0,0,0,100
"2009-12-16T00:00:00.000Z",7,6,6,6,-1.5,-20,-20,0
"2010-01-04T00:00:00.000Z",6,6.5,6.5,6.5,0.5,8.333333333333332,8.333333333333332,278
"2010-03-09T00:00:00.000Z",6.5,7.5,7.5,7.5,1,15.384615384615385,15.384615384615385,300
"2010-03-10T00:00:00.000Z",7.5,8.5,8.5,8.5,1,13.333333333333334,13.333333333333334,300
"2010-03-11T00:00:00.000Z",8.5,7.5,7.5,7.5,-1,-11.76470588235294,-11.76470588235294,50
"2010-03-12T00:00:00.000Z",7.5,8.5,8.5,8.5,1,13.333333333333334,13.333333333333334,150
"2010-04-05T00:00:00.000Z",8.5,9.5,9.5,9.5,1,11.76470588235294,11.76470588235294,500
"2010-04-06T00:00:00.000Z",9.5,8.5,8.5,8.5,-1,-10.526315789473683,-10.526315789473683,11
"2010-04-07T00:00:00.000Z",8.5,8,8,8,-0.5,-5.88235294117647,-5.88235294117647,500
"2010-04-08T00:00:00.000Z",8,8.5,8.5,8.5,0.5,6.25,6.25,1
"2010-04-13T00:00:00.000Z",8.5,8.5,8.5,8.5,0,0,0,5
"2010-05-27T00:00:00.000Z",8.5,9,9,9,0.5,5.88235294117647,5.88235294117647,30
"2010-06-02T00:00:00.000Z",9,8.5,8.5,8.5,-0.5,-5.555555555555555,-5.555555555555555,278
"2010-06-03T00:00:00.000Z",8.5,8.25,8.25,8.25,-0.25,-2.941176470588235,-2.941176470588235,0
"2010-06-07T00:00:00.000Z",8.25,8.2,8.2,8.2,-0.05,-0.6060606060606061,-0.6060606060606061,0
"2010-06-08T00:00:00.000Z",8.2,8.05,8.05,8.05,-0.15,-1.8292682926829265,-1.8292682926829265,0
"2010-06-09T00:00:00.000Z",8.05,7.9,7.9,7.9,-0.15,-1.8633540372670805,-1.8633540372670805,0
"2010-06-10T00:00:00.000Z",7.9,7.7,7.7,7.7,-0.2,-2.5316455696202533,-2.5316455696202533,0
"2010-06-14T00:00:00.000Z",7.7,7.25,7.25,7.25,-0.45,-5.844155844155844,-5.844155844155844,0
"2010-06-15T00:00:00.000Z",7.25,7.05,7.05,7.05,-0.2,-2.7586206896551726,-2.7586206896551726,0
"2010-06-16T00:00:00.000Z",7.05,6.8,6.8,6.8,-0.25,-3.546099290780142,-3.546099290780142,0
"2010-06-17T00:00:00.000Z",6.8,6.5,6.5,6.5,-0.3,-4.411764705882353,-4.411764705882353,0
"2010-06-18T00:00:00.000Z",6.5,6.5,6.5,6.5,0,0,0,268
"2010-08-03T00:00:00.000Z",6.5,7,7,7,0.5,7.6923076923076925,7.6923076923076925,0
"2010-08-05T00:00:00.000Z",7,8,8,8,1,14.285714285714285,14.285714285714285,0
"2010-08-09T00:00:00.000Z",8,9,9,9,1,12.5,12.5,0
"2010-08-24T00:00:00.000Z",9,10,10,10,1,11.11111111111111,11.11111111111111,24
"2010-10-12T00:00:00.000Z",10,10,10,10,0,0,0,5
"2010-10-21T00:00:00.000Z",10,11,11,11,1,10,10,1
"2010-12-20T00:00:00.000Z",11,11,11,11,0,0,0,1
"2010-12-28T00:00:00.000Z",11,10,10,10,-1,-9.090909090909092,-9.090909090909092,0
"2011-01-11T00:00:00.000Z",10,9.8,9.8,9.8,-0.2,-2,-2,10
"2011-01-17T00:00:00.000Z",9.8,9,9,9,-0.8,-8.16326530612245,-8.16326530612245,1
"2011-10-10T00:00:00.000Z",9,10,10,9,0,0,0,10
"2012-01-24T00:00:00.000Z",9,8.5098,8.5098,8.5098,-0.4902,-5.446666666666667,-5.446666666666667,0
"2012-01-31T00:00:00.000Z",8.5098,8.5,8.5,8.5,-0.0098,-0.11516134339232414,-0.11516134339232414,0
"2012-02-06T00:00:00.000Z",8.5,7.5,7.5,8.5,0,0,0,20
"2012-02-20T00:00:00.000Z",8.5,8.4,8.4,8.5,0,0,0,1
"2012-03-22T00:00:00.000Z",8.5,8.2016,8.2016,8.2016,-0.2984,-3.5105882352941173,-3.5105882352941173,0
"2012-03-26T00:00:00.000Z",8.2016,8.0472,8.0472,8.0472,-0.1544,-1.8825595005852518,-1.8825595005852518,0
"2012-03-27T00:00:00.000Z",8.0472,7.25,7.25,7.25,-0.7972,-9.90655134705239,-9.90655134705239,0
"2012-03-29T00:00:00.000Z",7.25,7,7,7,-0.25,-3.4482758620689653,-3.4482758620689653,0
"2012-04-11T00:00:00.000Z",7,7,6.95,6.95,-0.05,-0.7142857142857143,-0.7142857142857143,2
"2012-04-12T00:00:00.000Z",6.95,6.9,6.9,6.9,-0.05,-0.7194244604316548,-0.7194244604316548,0
"2012-04-13T00:00:00.000Z",6.9,6,6,6.9,0,0,0,278
"2012-06-20T00:00:00.000Z",6.9,6,6,6.9,0,0,0,54
"2012-06-22T00:00:00.000Z",6.9,6.14,6.14,6.9,0,0,0,54
"2013-03-04T00:00:00.000Z",6.9,5.9,5.9,5.9,-1,-14.492753623188406,-14.492753623188406,0
"2013-03-06T00:00:00.000Z",5.9,4.9,4.9,5.9,0,0,0,500
"2013-11-12T00:00:00.000Z",5.9,5.75,5.75,5.75,-0.15,-2.542372881355932,-2.542372881355932,0
"2013-11-18T00:00:00.000Z",5.75,4.8,4.75,4.75,-1,-17.391304347826086,-17.391304347826086,1500
"2013-11-21T00:00:00.000Z",4.75,5.75,4.75,5.75,1,21.052631578947366,21.052631578947366,30500
"2013-11-22T00:00:00.000Z",5.75,6.68,5.5,5.57,-0.18,-3.1304347826086953,-3.1304347826086953,7000
"2013-11-25T00:00:00.000Z",5.57,6.4,5.49,6.4,0.83,14.90125673249551,14.90125673249551,2000
"2013-11-26T00:00:00.000Z",6.4,5.4,5.4,5.4,-1,-15.625,-15.625,3000
"2013-11-28T00:00:00.000Z",5.4,6.4,5.4,5.98,0.58,10.74074074074074,10.74074074074074,17500
"2013-11-29T00:00:00.000Z",5.98,6.98,6.9,6.98,1,16.722408026755854,16.722408026755854,18000
"2013-12-02T00:00:00.000Z",6.98,7.98,7.3,7.98,1,14.326647564469914,14.326647564469914,9500
"2013-12-03T00:00:00.000Z",7.98,8.14,7,8.1,0.12,1.5037593984962407,1.5037593984962407,22000
"2013-12-04T00:00:00.000Z",8.1,8.7,7.65,7.99,-0.11,-1.3580246913580247,-1.3580246913580247,2000
"2013-12-05T00:00:00.000Z",7.99,7.45,6.99,6.99,-1,-12.51564455569462,-12.51564455569462,17000
"2013-12-06T00:00:00.000Z",6.99,6.45,5.99,6.19,-0.8,-11.444921316165951,-11.444921316165951,16500
"2013-12-09T00:00:00.000Z",6.19,6.44,6.15,6.44,0.25,4.038772213247173,4.038772213247173,6500
"2013-12-10T00:00:00.000Z",6.44,7.18,6.9,7.18,0.74,11.490683229813666,11.490683229813666,5000
"2013-12-13T00:00:00.000Z",7.18,8,8,8,0.82,11.420612813370473,11.420612813370473,500
"2013-12-19T00:00:00.000Z",8,7,7,7,-1,-12.5,-12.5,1500
"2013-12-26T00:00:00.000Z",7,8,7.05,8,1,14.285714285714285,14.285714285714285,36500
"2013-12-27T00:00:00.000Z",8,9,9,9,1,12.5,12.5,3500
"2013-12-30T00:00:00.000Z",9,10,9.9,10,1,11.11111111111111,11.11111111111111,96000
"2013-12-31T00:00:00.000Z",10,11,10.9,11,1,10,10,62500
"2014-01-01T00:00:00.000Z",11.99,12,11.9,12,1,9.090909090909092,9.090909090909092,93000
"2014-01-02T00:00:00.000Z",12.74,13,12.74,13,1,8.333333333333332,8.333333333333332,66500
"2014-01-03T00:00:00.000Z",13.9,14,13.9,14,1,7.6923076923076925,7.6923076923076925,39000
"2014-01-06T00:00:00.000Z",15,15,14.88,15,1,7.142857142857142,7.142857142857142,27500
"2014-01-07T00:00:00.000Z",16,16,15.9,16,1,6.666666666666667,6.666666666666667,27500
"2014-01-08T00:00:00.000Z",16.9,17,16.8,16.95,0.9500008,5.9375052968752655,5.9375052968752655,140000
"2014-01-09T00:00:00.000Z",17.85,17.95,15.95,17.95,1,5.899705014749262,5.899705014749262,98000
"2014-01-10T00:00:00.000Z",18.9,18.95,18.5,18.95,1,5.571030640668524,5.571030640668524,72000
"2014-01-13T00:00:00.000Z",19.95,19.95,18.3,19.95,1,5.277044854881266,5.277044854881266,230500
"2014-01-15T00:00:00.000Z",19.25,20.95,18.95,18.95,-1,-5.012531328320803,-5.012531328320803,53500
"2014-01-16T00:00:00.000Z",19.89,19.89,17.95,17.95,-1,-5.277044854881266,-5.277044854881266,5500
"2014-01-17T00:00:00.000Z",16.95,18.68,16.95,16.95,-1,-5.571030640668524,-5.571030640668524,12000
"2014-01-20T00:00:00.000Z",17.85,17.85,15.95,16.19,-0.7600002,-4.483776938244519,-4.483776938244519,6500
"2014-01-21T00:00:00.000Z",16.85,16.85,15.19,15.28,-0.9100008,-5.620758215157099,-5.620758215157099,14500
"2014-01-22T00:00:00.000Z",16,16,15,15.89,0.6100006,3.992150680320053,3.992150680320053,3000
"2014-01-23T00:00:00.000Z",16.75,16.75,15.01,15.98,0.0899992,0.5663888953359901,0.5663888953359901,2500
"2014-01-24T00:00:00.000Z",16.15,16.15,15.1,16,0.02000046,0.1251593277580282,0.1251593277580282,1500
"2014-01-30T00:00:00.000Z",15,15.9,15,15.6,-0.3999996,-2.4999975624999395,-2.4999975624999395,3000
"2014-01-31T00:00:00.000Z",16.5,16.5,16.5,16.5,0.8999996,5.769228057199281,5.769228057199281,500
"2014-02-03T00:00:00.000Z",17.45,17.45,17.45,17.45,0.9500008,5.7575808852160435,5.7575808852160435,500
"2014-02-10T00:00:00.000Z",18,18,17.5,17.5,0.04999924,0.2865285835093568,0.2865285835093568,1000
"2014-02-13T00:00:00.000Z",16.5,16.5,16.5,16.5,-1,-5.714285714285714,-5.714285714285714,1000
"2014-02-14T00:00:00.000Z",17.25,17.25,17.25,17.25,0.75,4.545454545454546,4.545454545454546,500
"2014-03-05T00:00:00.000Z",18,18,16.25,16.85,-0.3999996,-2.3188383146397284,-2.3188383146397284,5000
"2014-03-06T00:00:00.000Z",17.5,17.5,17.5,17.5,0.6499996,3.857564300117168,3.857564300117168,500
"2014-03-11T00:00:00.000Z",18.05,18.05,18.05,18.05,0.5499992,3.1428524277553174,3.1428524277553174,500
"2014-03-17T00:00:00.000Z",18.8,18.8,18.8,18.8,0.75,4.1551246537396125,4.1551246537396125,500
"2014-03-18T00:00:00.000Z",18.05,18.3617,18.3617,18.3617,-0.4382992,-2.331378822611865,-2.331378822611865,0
"2014-03-19T00:00:00.000Z",18.8,17.8319,17.8319,17.8319,-0.5298004,-2.8853558682397407,-2.8853558682397407,0
"2014-03-20T00:00:00.000Z",18.3617,17.85,17.85,17.83,-0.001899719,-0.010653486335927729,-0.010653486335927729,1500
"2014-03-24T00:00:00.000Z",17.8319,17.7937,17.7937,17.7937,-0.03630066,-0.2035931500632934,-0.2035931500632934,0
"2014-04-01T00:00:00.000Z",16.8,16.8,16.8,16.8,-0.9937,-5.584560827708683,-5.584560827708683,1500
"2014-04-02T00:00:00.000Z",17.7937,17.45,17.45,16.8,0,0,0,500
"2014-04-07T00:00:00.000Z",16.8,16.7,16.7,16.8,0,0,0,500
"2014-04-09T00:00:00.000Z",16.8,16.7346,16.7346,16.7346,-0.06539917,-0.38928079304184876,-0.38928079304184876,0
"2014-04-10T00:00:00.000Z",16.8,16.7315,16.7315,16.7315,-0.003099442,-0.018521160370418625,-0.018521160370418625,0
"2014-04-21T00:00:00.000Z",16.89,16.89,16.89,16.73,-0.001501083,-0.008971597901189938,-0.008971597901189938,500
"2014-04-23T00:00:00.000Z",16.5275,16.5275,16.5275,16.5275,-0.2024994,-1.2103969352204518,-1.2103969352204518,0
"2014-04-25T00:00:00.000Z",17,17,17,16.53,0.002500534,0.015129536111279521,0.015129536111279521,500
"2014-04-28T00:00:00.000Z",16.45,16.45,16.45,16.45,-0.07999992,-0.4839680604184783,-0.4839680604184783,3000
"2014-05-02T00:00:00.000Z",17,17,17,16.45,0,0,0,500
"2014-05-06T00:00:00.000Z",16.4038,16.4038,16.4038,16.4038,-0.04620171,-0.28086142977063555,-0.28086142977063555,0
"2014-05-07T00:00:00.000Z",16.39,16.39,16.39,16.4,-0.003799438,-0.02316193888105254,-0.02316193888105254,500
"2014-05-09T00:00:00.000Z",16.3,16.3,16.3,16.3,-0.1000004,-0.6097585217132069,-0.6097585217132069,0
"2014-05-12T00:00:00.000Z",17,17,17,16.3,0,0,0,3000
"2014-05-14T00:00:00.000Z",16.98,16.98,16.98,16.3,0,0,0,1000
"2014-05-22T00:00:00.000Z",16.078,16.078,16.078,16.078,-0.2220001,-1.3619637953253756,-1.3619637953253756,0
"2014-05-27T00:00:00.000Z",16.0527,16.0527,16.0527,16.0527,-0.02529907,-0.15735210513356498,-0.15735210513356498,0
"2014-05-28T00:00:00.000Z",16.75,16.75,16.75,16.05,-0.002700806,-0.016824620558495196,-0.016824620558495196,3000
"2014-06-03T00:00:00.000Z",15.99,15.99,15.99,16.05,0,0,0,1000
"2014-06-05T00:00:00.000Z",16.25,16.25,16.25,16.05,0,0,0,2000
"2014-06-06T00:00:00.000Z",16,16,16,16,-0.04999924,-0.31152175929947273,-0.31152175929947273,0
"2014-06-10T00:00:00.000Z",16.49,16.49,16.49,16,0,0,0,1000
"2014-06-12T00:00:00.000Z",15.99,15.99,15.99,16,0,0,0,1000
"2014-06-16T00:00:00.000Z",15.95,15.95,15.95,16,0,0,0,1000
"2014-06-24T00:00:00.000Z",15.8962,15.8962,15.8962,15.8962,-0.1037998,-0.6487487581093594,-0.6487487581093594,0
"2014-06-25T00:00:00.000Z",16.49,16.49,16.49,15.9,0.003799438,0.02390154795280193,0.02390154795280193,1000
"2014-06-26T00:00:00.000Z",14.9,14.9,14.9,14.9,-1,-6.289308176100629,-6.289308176100629,3500
"2014-06-27T00:00:00.000Z",14.5,14.5,14.5,14.9,0,0,0,2500
"2014-06-30T00:00:00.000Z",15.85,15.85,15.85,14.9,0,0,0,1000
"2014-07-03T00:00:00.000Z",15.5,15.5,15.5,14.9,0,0,0,2000
"2014-07-04T00:00:00.000Z",15.5,15.5,15.5,14.9,0,0,0,1000
"2014-07-07T00:00:00.000Z",13.91,14.89,13.91,14.89,-0.009999275,-0.06710923145330153,-0.06710923145330153,4500
"2014-07-09T00:00:00.000Z",13.9,13.9,13.89,13.9,-0.9900007,-6.648761943980299,-6.648761943980299,3500
"2014-07-10T00:00:00.000Z",14.5,14.5,14.5,14.5,0.6000004,4.316549764505029,4.316549764505029,500
"2014-07-11T00:00:00.000Z",15.2,15.2,15.2,14.5,0,0,0,2000
"2014-07-16T00:00:00.000Z",14.9,14.9,14.9,14.5,0,0,0,3000
"2014-07-21T00:00:00.000Z",13.9833,13.9833,13.9833,13.9833,-0.5166998,-3.563446945702717,-3.563446945702717,0
"2014-07-28T00:00:00.000Z",14.8,14.8,14.8,13.98,-0.003300667,-0.023604348348093773,-0.023604348348093773,1000
"2014-08-07T00:00:00.000Z",13.85,13.85,13.85,13.98,0,0,0,1000
"2014-08-08T00:00:00.000Z",14.5,14.5,14.5,13.98,0,0,0,500
"2014-08-11T00:00:00.000Z",12.98,12.98,12.98,12.98,-1,-7.153075822603719,-7.153075822603719,0
"2014-08-13T00:00:00.000Z",12.81,12.81,12.81,12.81,-0.1699991,-1.3097003989776854,-1.3097003989776854,0
"2014-08-15T00:00:00.000Z",13.4,13.4,13.4,12.81,0,0,0,1000
"2014-08-18T00:00:00.000Z",12.9,12.9,12.9,12.81,0,0,0,500
"2014-08-19T00:00:00.000Z",12.536,12.536,12.536,12.536,-0.2740002,-2.1389554701177915,-2.1389554701177915,0
"2014-08-21T00:00:00.000Z",13.48,13.48,13.48,12.54,0.00399971,0.03190579058290689,0.03190579058290689,500
"2014-08-22T00:00:00.000Z",13.2,13.35,13.2,13.35,0.8100004,6.459333539372681,6.459333539372681,5000
"2014-08-25T00:00:00.000Z",13.084,13.084,13.084,13.084,-0.2660007,-1.9925145022651574,-1.9925145022651574,0
"2014-08-26T00:00:00.000Z",14.06,14.06,14.06,13.08,-0.00399971,-0.030569474844477813,-0.030569474844477813,500
"2014-08-29T00:00:00.000Z",13.9,13.9,13.9,13.08,0,0,0,1000
"2014-09-01T00:00:00.000Z",12.08,12.48,12.08,12.48,-0.6000004,-4.587158881126639,-4.587158881126639,3500
"2014-09-02T00:00:00.000Z",11.48,12.48,11.48,12.48,0,0,0,1500
"2014-09-03T00:00:00.000Z",12.2,12.2,12.2,12.2,-0.2799997,-2.243587393675979,-2.243587393675979,0
"2014-09-04T00:00:00.000Z",12.2,12.2,11.2,11.2,-1,-8.196721311475411,-8.196721311475411,4000
"2014-09-05T00:00:00.000Z",12.2,12.2,12.2,12.2,1,8.928571428571429,8.928571428571429,500
"2014-09-08T00:00:00.000Z",12.9,12.9,12.9,12.9,0.6999998,5.737703184627816,5.737703184627816,1000
"2014-09-10T00:00:00.000Z",11.9,12,11.9,12,-0.8999996,-6.976741301604382,-6.976741301604382,17000
"2014-09-11T00:00:00.000Z",11.31,11.59,11.3,11.59,-0.4099998,-3.416665056944418,-3.416665056944418,3000
"2014-09-12T00:00:00.000Z",12.24,12.24,12.24,12.24,0.6499996,5.608279357781558,5.608279357781558,500
"2014-09-17T00:00:00.000Z",12.2237,12.2237,12.2237,12.2237,-0.0163002,-0.133171566451445,-0.133171566451445,0
"2014-09-18T00:00:00.000Z",12.99,12.99,12.99,12.22,-0.003699303,-0.03026336715508127,-0.03026336715508127,500
"2014-09-24T00:00:00.000Z",11.22,11.22,11.22,11.22,-1,-8.183306055646481,-8.183306055646481,1500
"2014-09-25T00:00:00.000Z",10.22,10.22,10.22,10.22,-1,-8.9126559714795,-8.9126559714795,3500
"2014-10-14T00:00:00.000Z",10.96,10.96,10.96,10.96,0.7399998,7.240702402334589,7.240702402334589,500
"2014-10-28T00:00:00.000Z",11.96,11.96,11.96,11.96,1,9.124087591240876,9.124087591240876,1000
"2014-10-31T00:00:00.000Z",10.96,10.96,10.96,11.96,0,0,0,500
"2014-11-06T00:00:00.000Z",11.96,11.96,11.1,11.1,-0.8599997,-7.190633123510865,-7.190633123510865,15000
"2014-11-10T00:00:00.000Z",10.96,10.96,10.96,11.1,0,0,0,2000
"2014-11-28T00:00:00.000Z",12.1,12.1,12.1,12.1,1,9.00900900900901,9.00900900900901,1000
"2014-12-03T00:00:00.000Z",11.4091,11.4091,11.4091,11.4091,-0.6909008,-5.709923589426539,-5.709923589426539,0
"2014-12-15T00:00:00.000Z",10.46,10.5,10.46,10.5,-0.9090996,-7.9681975955403175,-7.9681975955403175,3500
"2014-12-18T00:00:00.000Z",9.52,9.52,9.5,9.5,-1,-9.523809523809524,-9.523809523809524,2000
"2014-12-19T00:00:00.000Z",8.5,9,8.5,9,-0.5,-5.263157894736842,-5.263157894736842,17000
"2014-12-22T00:00:00.000Z",9.7,9.7,9,9,0,0,0,4000
"2015-01-05T00:00:00.000Z",9,8.5,8.5,8.5,-0.5,-5.555555555555555,-5.555555555555555,5000
"2015-01-06T00:00:00.000Z",8.5,9.5,9,9.5,1,11.76470588235294,11.76470588235294,21500
"2015-01-07T00:00:00.000Z",9.5,10.5,10.5,10.5,1,10.526315789473683,10.526315789473683,7000
"2015-01-08T00:00:00.000Z",10.5,11.5,11.5,11.5,1,9.523809523809524,9.523809523809524,3000
"2015-01-09T00:00:00.000Z",11.5,12.5,12.5,12.5,1,8.695652173913043,8.695652173913043,4000
"2015-01-12T00:00:00.000Z",12.5,13.5,13.49,13.5,1,8,8,6500
"2015-01-13T00:00:00.000Z",13.5,14.5,14.5,14.5,1,7.4074074074074066,7.4074074074074066,12500
"2015-01-14T00:00:00.000Z",14.5,15.5,13.5,13.65,-0.85,-5.862068965517241,-5.862068965517241,24000
"2015-01-15T00:00:00.000Z",13.65,12.66,12.65,12.65,-1,-7.326007326007327,-7.326007326007327,4000
"2015-01-16T00:00:00.000Z",12.65,12.25,11.65,11.65,-1,-7.905138339920949,-7.905138339920949,21000
"2015-01-19T00:00:00.000Z",11.65,12.65,11,12.65,1,8.583690987124463,8.583690987124463,12500
"2015-01-20T00:00:00.000Z",12.65,13.65,13,13.55,0.9,7.114624505928854,7.114624505928854,12500
"2015-01-21T00:00:00.000Z",13.55,14.3,14,14.3,0.75,5.535055350553505,5.535055350553505,5000
"2015-01-22T00:00:00.000Z",14.3,14.79,14.1,14.25,-0.05,-0.34965034965034963,-0.34965034965034963,1500
"2015-01-28T00:00:00.000Z",14.25,14.25,14.25,14.25,0,0,0,500
"2015-02-04T00:00:00.000Z",14.5,14.5,14.5,14.5,0.25,1.7543859649122806,1.7543859649122806,500
"2015-02-06T00:00:00.000Z",14.5,14.5,14.5,14.5,0,0,0,2500
"2015-02-12T00:00:00.000Z",14.48,14.48,14.48,14.48,-0.02000046,-0.13793420252070807,-0.13793420252070807,0
"2015-02-24T00:00:00.000Z",14.476,14.476,14.476,14.476,-0.00399971,-0.027622307183043444,-0.027622307183043444,0
"2015-03-10T00:00:00.000Z",14.337,14.337,14.337,14.337,-0.1389999,-0.9602093185977434,-0.9602093185977434,0
"2015-03-18T00:00:00.000Z",14.1511,14.1511,14.1511,14.1511,-0.1858997,-1.2966429789351255,-1.2966429789351255,0
"2015-04-02T00:00:00.000Z",13.7985,13.7985,13.7985,13.7985,-0.3526001,-2.491679781135885,-2.491679781135885,0
"2015-04-13T00:00:00.000Z",12.8,12.8,12.8,12.8,-0.9984999,-7.236293127776881,-7.236293127776881,0
"2015-04-15T00:00:00.000Z",11.8,11.8,11.8,11.8,-1,-7.8125,-7.8125,0
"2015-04-22T00:00:00.000Z",12.79,12.79,12.79,12.79,0.9899998,8.389828671358837,8.389828671358837,1000
"2015-04-30T00:00:00.000Z",12.75,13.79,11.79,13.67,0.8800001,6.880376128853605,6.880376128853605,25500
"2015-05-04T00:00:00.000Z",13.25,14.67,13.25,14.67,1,7.315288953913679,7.315288953913679,19000
"2015-05-05T00:00:00.000Z",15.65,15.65,15.64,15.64,0.9700003,6.612135786205912,6.612135786205912,1500
"2015-05-06T00:00:00.000Z",14.65,14.65,14.65,14.65,-0.9900007,-6.329927466051839,-6.329927466051839,1000
"2015-05-07T00:00:00.000Z",15.65,15.65,15.62,15.62,0.9700003,6.621162592924833,6.621162592924833,4000
"2015-05-08T00:00:00.000Z",15.9,16.45,15.9,16.45,0.8300009,5.313706452134175,5.313706452134175,3000
"2015-05-14T00:00:00.000Z",16.9,16.9,16.9,16.45,0,0,0,13500
"2015-05-18T00:00:00.000Z",15.45,17.45,15.45,17.45,1,6.079027355623101,6.079027355623101,3000
"2015-05-20T00:00:00.000Z",16.45,16.45,16.45,16.45,-1,-5.730659025787966,-5.730659025787966,1000
"2015-06-03T00:00:00.000Z",17.45,17.45,17.45,17.45,1,6.079027355623101,6.079027355623101,500
"2015-06-04T00:00:00.000Z",17,18.45,17,17.74,0.289999,1.661885291582505,1.661885291582505,11500
"2015-06-05T00:00:00.000Z",18.49,18.74,18.49,18.53,0.7900009,4.453218376995295,4.453218376995295,6000
"2015-06-08T00:00:00.000Z",19.1,19.1,19.1,19.1,0.5699997,3.0760911536520585,3.0760911536520585,500
"2015-06-10T00:00:00.000Z",19,19,19,19.1,0,0,0,18000
"2015-06-15T00:00:00.000Z",19.0688,19.0688,19.0688,19.0688,-0.03120041,-0.16335292843064397,-0.16335292843064397,0
"2015-06-16T00:00:00.000Z",18.7,18.7,18.7,18.7,-0.3687992,-1.9340452229419876,-1.9340452229419876,500
"2015-06-18T00:00:00.000Z",18.7,18.7,18.7,18.7,0,0,0,500
"2015-07-28T00:00:00.000Z",18,18,18,18,-0.7000008,-3.7433196259542405,-3.7433196259542405,0
"2015-08-17T00:00:00.000Z",17.9,18,17.9,17.99,-0.01000023,-0.05555683262344048,-0.05555683262344048,5500
"2015-09-01T00:00:00.000Z",17,17,17,17,-0.9899998,-5.503056203480336,-5.503056203480336,0
"2015-09-04T00:00:00.000Z",16,16,16,16,-1,-5.88235294117647,-5.88235294117647,5500
"2015-09-08T00:00:00.000Z",16,16,16,16,0,0,0,1000
"2015-09-10T00:00:00.000Z",15.25,15.25,15.25,15.25,-0.75,-4.6875,-4.6875,0
"2015-09-21T00:00:00.000Z",14.25,14.25,14.25,14.25,-1,-6.557377049180328,-6.557377049180328,0
"2015-09-22T00:00:00.000Z",13.25,13.25,13.25,13.25,-1,-7.017543859649122,-7.017543859649122,0
"2015-09-23T00:00:00.000Z",12.25,14.25,12.25,14.25,1,7.547169811320755,7.547169811320755,2000
"2015-10-02T00:00:00.000Z",15.25,15.25,15.25,15.25,1,7.017543859649122,7.017543859649122,1000
"2015-10-13T00:00:00.000Z",16.25,16.25,16.25,16.25,1,6.557377049180328,6.557377049180328,500
"2015-10-14T00:00:00.000Z",16.2,16.2,16.2,16.2,-0.04999924,-0.3076876451595453,-0.3076876451595453,0
"2015-10-15T00:00:00.000Z",17.2,17.2,17.2,17.2,1,6.17283950617284,6.17283950617284,500
"2015-10-16T00:00:00.000Z",18.2,18.2,18.2,18.2,1,5.813953488372093,5.813953488372093,500
"2015-10-19T00:00:00.000Z",19.2,19.2,19.2,19.2,1,5.4945054945054945,5.4945054945054945,1000
"2015-10-20T00:00:00.000Z",19,19,19,19,-0.2000008,-1.0416707899303836,-1.0416707899303836,500
"2015-10-28T00:00:00.000Z",19.49,19.49,19.49,19.49,0.4899998,2.578946288642671,2.578946288642671,3000
"2015-10-29T00:00:00.000Z",19.3333,19.3333,19.3333,19.3333,-0.1567001,-0.8040025612929577,-0.8040025612929577,0
"2015-11-02T00:00:00.000Z",19,19,19,19,-0.3332996,-1.7239664563000925,-1.7239664563000925,0
"2015-11-10T00:00:00.000Z",18.9754,18.9754,18.9754,18.9754,-0.02459908,-0.12946884837428105,-0.12946884837428105,0
"2015-11-19T00:00:00.000Z",19.97,19.97,19.97,18.98,0.004598618,0.024234628334988646,0.024234628334988646,6500
"2015-11-20T00:00:00.000Z",18.8324,18.8324,18.8324,18.8324,-0.1476002,-0.7776617410151555,-0.7776617410151555,0
"2015-11-23T00:00:00.000Z",18.8118,18.8118,18.8118,18.8118,-0.02059937,-0.10938261023082795,-0.10938261023082795,0
"2015-11-26T00:00:00.000Z",18.7909,18.7909,18.7909,18.7909,-0.02090073,-0.1111043557178909,-0.1111043557178909,0
"2015-11-30T00:00:00.000Z",18.7825,18.7825,18.7825,18.7825,-0.008399963,-0.04470229215492525,-0.04470229215492525,0
"2015-12-01T00:00:00.000Z",18.7612,18.7612,18.7612,18.7612,-0.02129936,-0.11340003048454783,-0.11340003048454783,0
"2015-12-07T00:00:00.000Z",18.7575,18.7575,18.7575,18.7575,-0.003700256,-0.019722917241484193,-0.019722917241484193,0
"2015-12-21T00:00:00.000Z",18.7403,18.7403,18.7403,18.7403,-0.01720047,-0.09169915803819248,-0.09169915803819248,0
"2015-12-29T00:00:00.000Z",18.74,18.74,18.74,18.74,-0.0002994537,-0.0015979131002673347,-0.0015979131002673347,0
"2016-01-05T00:00:00.000Z",18.7262,18.7262,18.7262,18.7262,-0.01379967,-0.07363751463716008,-0.07363751463716008,0
"2016-01-13T00:00:00.000Z",18.6566,18.6566,18.6566,18.6566,-0.06959915,-0.3716672531489125,-0.3716672531489125,0
"2016-01-27T00:00:00.000Z",18.6097,18.6097,18.6097,18.6097,-0.0469017,-0.2513946577955834,-0.2513946577955834,0
"2016-03-03T00:00:00.000Z",18.5,18.5,18.5,18.5,-0.1096992,-0.5894732570422201,-0.5894732570422201,0
"2016-03-16T00:00:00.000Z",17.5,17.5,17.5,17.5,-1,-5.405405405405405,-5.405405405405405,500
"2016-03-17T00:00:00.000Z",16.5,16.5,16.5,17.5,0,0,0,500
"2016-03-18T00:00:00.000Z",18.49,18.49,16.5,16.5,-1,-5.714285714285714,-5.714285714285714,1000
"2016-03-22T00:00:00.000Z",15.55,15.55,15.55,15.55,-0.9499998,-5.757574615243328,-5.757574615243328,500
"2016-03-24T00:00:00.000Z",14.7,16.48,14.6,15.87,0.3199997,2.0578758445425884,2.0578758445425884,3000
"2016-03-25T00:00:00.000Z",16.87,16.87,16.87,16.87,1.000001,6.301203925721734,6.301203925721734,2000
"2016-03-29T00:00:00.000Z",15.9,15.9,15.9,15.9,-0.9700012,-5.749858512161813,-5.749858512161813,500
"2016-03-31T00:00:00.000Z",14.9,14.9,14.9,14.9,-1,-6.289308176100629,-6.289308176100629,500
"2016-04-01T00:00:00.000Z",13.9,13.9,13.9,13.9,-1,-6.7114093959731544,-6.7114093959731544,1500
"2016-04-04T00:00:00.000Z",14.9,14.9,12.9,13.9,0,0,0,1000
"2016-04-05T00:00:00.000Z",12.92,12.92,12.92,12.92,-0.9799995,-7.050356368717855,-7.050356368717855,500
"2016-04-07T00:00:00.000Z",11.95,11.95,11.92,11.93,-0.9899998,-7.662537270317915,-7.662537270317915,2500
"2016-04-08T00:00:00.000Z",10.95,10.95,10.95,10.95,-0.9800005,-8.214588926463165,-8.214588926463165,500
"2016-04-11T00:00:00.000Z",10.05,10.05,10.05,10.05,-0.8999996,-8.21917472946757,-8.21917472946757,2000
"2016-04-12T00:00:00.000Z",9.1,9.1,9.1,9.1,-0.9499998,-9.452734516472328,-9.452734516472328,2000
"2016-04-14T00:00:00.000Z",9.95,10,9.9,10,0.8999996,9.890105059775602,9.890105059775602,2000
"2016-04-21T00:00:00.000Z",10.2,10.2,10.2,10.2,0.1999998,1.9999979600000413,1.9999979600000413,1000
"2016-05-04T00:00:00.000Z",10.2,10.2,10.2,10.2,0,0,0,4500
"2016-05-23T00:00:00.000Z",10.5,10.5,10.5,10.5,0.3000002,2.941178489042715,2.941178489042715,500
"2016-06-15T00:00:00.000Z",10,10,10,10,-0.5,-4.761904761904762,-4.761904761904762,0
"2016-07-12T00:00:00.000Z",11,11,11,11,1,10,10,500
"2016-07-13T00:00:00.000Z",10,10,10,10,-1,-9.090909090909092,-9.090909090909092,1000
"2016-07-28T00:00:00.000Z",10.99,10.99,10.99,10.99,0.9899998,9.899997802000044,9.899997802000044,1000
"2016-07-29T00:00:00.000Z",9.99,9.99,9.99,9.99,-1,-9.099181073703367,-9.099181073703367,500
"2016-09-05T00:00:00.000Z",10.1,10.1,10.1,10.1,0.1100006,1.1011071732396702,1.1011071732396702,500
"2016-09-09T00:00:00.000Z",9.1,9.9,9.1,9.32,-0.7800007,-7.7227786726787055,-7.7227786726787055,26500
"2016-09-15T00:00:00.000Z",9,9.05,8.53,9.05,-0.2699995,-2.8969904987655846,-2.8969904987655846,7000
"2016-09-16T00:00:00.000Z",9.21,10.05,9,9.27,0.2200003,2.4309426220201975,2.4309426220201975,14000
"2016-09-19T00:00:00.000Z",9.5,9.5,9.5,9.5,0.2299995,2.4811163710293216,2.4811163710293216,1000
"2016-09-20T00:00:00.000Z",9.9,10,9.12,9.12,-0.3800001,-4.000001010526306,-4.000001010526306,2000
"2016-09-21T00:00:00.000Z",9.99,10.12,9.85,9.85,0.7300005,8.004391886205697,8.004391886205697,12500
"2016-09-22T00:00:00.000Z",9.5,10.2,9.5,9.5,-0.3500004,-3.5533034090029068,-3.5533034090029068,13000
"2016-09-23T00:00:00.000Z",10,10,0,10,0.5,5.263157894736842,5.263157894736842,500
"2016-09-26T00:00:00.000Z",10,10.69,9.9,9.9,-0.1000004,-1.0000039599998416,-1.0000039599998416,2000
"2016-09-29T00:00:00.000Z",9.5,9.52,9.5,9.5,-0.3999996,-4.040400163248492,-4.040400163248492,2500
"2016-10-03T00:00:00.000Z",9.5,9.5,9.5,9.5,0,0,0,500
"2016-10-04T00:00:00.000Z",9.536,9.536,9.536,9.536,0.03600025,0.3789500099723687,0.3789500099723687,0
"2016-10-05T00:00:00.000Z",9.9,9.9,9.7,9.7,0.1639996,1.7197943909482218,1.7197943909482218,1500
"2016-10-10T00:00:00.000Z",10.69,10.69,10.69,10.69,0.9899998,10.20618329471787,10.20618329471787,500
"2016-10-13T00:00:00.000Z",11.11,11.11,9.69,9.69,-1,-9.354536950420956,-9.354536950420956,1500
"2016-10-14T00:00:00.000Z",9.4,9.4,9.1,9.1,-0.0899992,-0.9793167337816526,-0.9793167337816526,8000
"2016-10-18T00:00:00.000Z",9.01,9.01,9.01,9.01,-0.09000015,-0.9890126210602316,-0.9890126210602316,1000
"2016-10-19T00:00:00.000Z",9.08,9.08,9.08,9.08,0.06999969,0.7769110720485647,0.7769110720485647,0
"2016-10-20T00:00:00.000Z",9.3,9.3,9.3,9.3,0.2200003,2.4229108730036635,2.4229108730036635,1000
"2016-10-31T00:00:00.000Z",9.1,9.1,9.1,9.1,-0.1999998,-2.150535530119044,-2.150535530119044,1000
"2016-11-01T00:00:00.000Z",9.12,9.12,9.12,9.12,0.0199995,0.2197747131991916,0.2197747131991916,1000
"2016-11-15T00:00:00.000Z",8.82,8.82,8.12,8.12,-1,-10.964912280701755,-10.964912280701755,4500
"2016-11-16T00:00:00.000Z",7.14,8.12,8.12,8.12,0,0,0,1000
"2016-11-17T00:00:00.000Z",7.52,9,7.5,9,0.8800001,10.837439788638422,10.837439788638422,4000
"2016-11-23T00:00:00.000Z",9.3,9.3,9.3,9.3,0.3000002,3.33333562962968,3.33333562962968,1000
"2016-11-24T00:00:00.000Z",8.6,8.6,8.6,9.3,0,0,0,1000
"2017-01-03T00:00:00.000Z",8.33,8.33,8.31,8.31,-0.9899998,-10.645159368713104,-10.645159368713104,1000
"2017-01-04T00:00:00.000Z",9.3,9.31,9.3,9.31,1,12.033694344163658,12.033694344163658,2000
"2017-01-05T00:00:00.000Z",10,10.31,10,10.31,1,10.741138560687432,10.741138560687432,3000
"2017-01-11T00:00:00.000Z",10,10.05,10,10.03,-0.2800007,-2.715816498441169,-2.715816498441169,3000
"2017-01-17T00:00:00.000Z",10,10,10,10,-0.02999973,-0.2991000080515456,-0.2991000080515456,500
"2017-01-18T00:00:00.000Z",10,10,10,10,0,0,0,500
"2017-01-19T00:00:00.000Z",10.98,11,10.75,11,1,10,10,7500
"2017-01-20T00:00:00.000Z",10.62,12,10.62,12,1,9.090909090909092,9.090909090909092,5500
"2017-01-23T00:00:00.000Z",12.1,13,12.1,12.99,0.9899998,8.249998195833363,8.249998195833363,11000
"2017-01-25T00:00:00.000Z",13.95,13.95,13.49,13.5,0.5100002,3.9260985977844283,3.9260985977844283,10000
"2017-01-27T00:00:00.000Z",13.75,13.75,13.75,13.75,0.25,1.8518518518518516,1.8518518518518516,1000
"2017-01-31T00:00:00.000Z",13.5,14,13.5,13.5,-0.25,-1.8181818181818181,-1.8181818181818181,3000
"2017-02-01T00:00:00.000Z",13.5,13.5,13.5,13.5,0,0,0,500
"2017-02-02T00:00:00.000Z",13.75,13.75,13.75,13.75,0.25,1.8518518518518516,1.8518518518518516,3500
"2017-02-03T00:00:00.000Z",12.75,14.75,12.75,14.75,1,7.2727272727272725,7.2727272727272725,24000
"2017-02-06T00:00:00.000Z",15.24,15.25,15.24,15.25,0.5,3.389830508474576,3.389830508474576,1000
"2017-02-13T00:00:00.000Z",14.25,14.25,14.25,14.25,-1,-6.557377049180328,-6.557377049180328,1000
"2017-02-14T00:00:00.000Z",13.9136,13.9136,13.9136,13.9136,-0.3364,-2.3607017543859645,-2.3607017543859645,0
"2017-02-15T00:00:00.000Z",12.92,12.92,12.92,12.92,-0.9935999,-7.141213684030112,-7.141213684030112,500
"2017-02-16T00:00:00.000Z",11.92,11.92,11.92,11.92,-1,-7.739938080495357,-7.739938080495357,500
"2017-02-21T00:00:00.000Z",10.92,10.92,10.92,10.92,-1,-8.389261744966444,-8.389261744966444,10000
"2017-02-22T00:00:00.000Z",11,11,11,11,0.07999992,0.7325999946329671,0.7325999946329671,1000
"2017-03-07T00:00:00.000Z",11.99,11.99,11.99,11.99,0.9899998,8.999998018181854,8.999998018181854,1000
"2017-03-08T00:00:00.000Z",12.89,12.89,12.89,12.89,0.9000006,7.506260592473424,7.506260592473424,500
"2017-03-09T00:00:00.000Z",12.89,12.89,12.89,12.89,0,0,0,500
"2017-03-13T00:00:00.000Z",13.1,13.1,13.1,13.1,0.21,1.6291698991466252,1.6291698991466252,2000
"2017-03-20T00:00:00.000Z",12.1,12.1,12.1,12.1,-1,-7.633587786259542,-7.633587786259542,2000
"2017-03-22T00:00:00.000Z",11.1,11.1,11.1,11.1,-1,-8.264462809917356,-8.264462809917356,500
"2017-03-24T00:00:00.000Z",10.1,10.9,10.1,10.9,-0.2000008,-1.8018088791489097,-1.8018088791489097,7500
"2017-03-27T00:00:00.000Z",9.95,9.95,9.9,9.9,-1,-9.174311926605503,-9.174311926605503,1500
"2017-03-28T00:00:00.000Z",9.9,9.9,9.9,9.9,0,0,0,1000
"2017-03-29T00:00:00.000Z",9,9,9,9,-0.8999996,-9.090905417814362,-9.090905417814362,1000
"2017-03-30T00:00:00.000Z",9.2,9.2,9.2,9.2,0.1999998,2.2222199506173346,2.2222199506173346,500
"2017-03-31T00:00:00.000Z",10.1,10.1,10.1,10.1,0.9000006,9.782615855387991,9.782615855387991,500
"2017-04-14T00:00:00.000Z",9.1,9.1,9.1,9.1,-1,-9.900990099009901,-9.900990099009901,500
"2017-04-21T00:00:00.000Z",10.1,10.1,10.1,10.1,1,10.989010989010989,10.989010989010989,500
"2017-04-26T00:00:00.000Z",11.05,11.05,11.05,11.05,0.9499998,9.405938427605179,9.405938427605179,500
"2017-05-08T00:00:00.000Z",10.05,10.05,10.05,10.05,-1,-9.049773755656108,-9.049773755656108,5000
"2017-05-09T00:00:00.000Z",10.51,11.05,10.51,11.05,1,9.950248756218905,9.950248756218905,4500
"2017-05-10T00:00:00.000Z",11.99,12.05,10.1,12.05,1,9.049773755656108,9.049773755656108,9000
"2017-05-11T00:00:00.000Z",12.15,13.04,11.05,12.54,0.4899998,4.066388314250816,4.066388314250816,6500
"2017-05-12T00:00:00.000Z",13.49,13.54,11.54,11.8,-0.7399998,-5.90111492665255,-5.90111492665255,7000
"2017-05-15T00:00:00.000Z",12.8,12.8,12.8,12.8,1,8.47457627118644,8.47457627118644,500
"2017-05-16T00:00:00.000Z",11.9,12,11.8,11.82,-0.9800005,-7.656253607177595,-7.656253607177595,10500
"2017-05-17T00:00:00.000Z",10.83,11.05,10.82,11.05,-0.7699995,-6.514378448154755,-6.514378448154755,2500
"2017-05-18T00:00:00.000Z",10.05,11.9,10.05,10.5,-0.5500002,-4.977377285477335,-4.977377285477335,4000
"2017-05-22T00:00:00.000Z",9.5,11.5,9.5,11.5,1,9.523809523809524,9.523809523809524,4000
"2017-05-23T00:00:00.000Z",12.49,12.49,12.49,12.49,0.9899998,8.608693763327064,8.608693763327064,500
"2017-05-24T00:00:00.000Z",12.7,12.7,11.5,11.5,-0.9899998,-7.926339598500235,-7.926339598500235,1000
"2017-05-25T00:00:00.000Z",11.77,11.77,11.77,11.77,0.2700005,2.347830536862197,2.347830536862197,500
"2017-06-15T00:00:00.000Z",11.2,11.2,10.77,10.77,-1,-8.496176720475786,-8.496176720475786,2000
"2017-06-19T00:00:00.000Z",11,11,11,11,0.2299995,2.1355570039202876,2.1355570039202876,6000
"2017-07-14T00:00:00.000Z",10,10,10,10,-1,-9.090909090909092,-9.090909090909092,1000
"2017-07-18T00:00:00.000Z",9,10,9,10,0,0,0,1500
"2017-08-01T00:00:00.000Z",10.99,10.99,10.99,10.99,0.9899998,9.899997802000044,9.899997802000044,500
"2017-08-08T00:00:00.000Z",9.99,9.99,9.99,9.99,-1,-9.099181073703367,-9.099181073703367,500
"2017-09-19T00:00:00.000Z",9,9,9,9,-0.9899998,-9.909908106304467,-9.909908106304467,1000
"2017-10-25T00:00:00.000Z",8.25,8.2518,8.25,8.2518,0.001799583,0.0218131261701729,0.0218131261701729,0
"2017-11-13T00:00:00.000Z",9.25,9.25,9.25,9.25,0.9982004,12.096760081279724,12.096760081279724,1000
"2017-11-27T00:00:00.000Z",9.25,9.25,9.25,9.25,0,0,0,500
"2017-11-28T00:00:00.000Z",9.25,9.25,9.25,9.25,0,0,0,500
"2017-11-29T00:00:00.000Z",9.25,9.25,9.25,9.25,0,0,0,500
"2017-12-08T00:00:00.000Z",10.2,10.2,10.2,10.2,0.9499998,10.270267886048263,10.270267886048263,1000
"2017-12-11T00:00:00.000Z",11.19,11.19,11.18,11.18,0.9800005,9.607848510188651,9.607848510188651,1000
"2017-12-13T00:00:00.000Z",11.98,11.98,11.9,11.9,0.7199993,6.440064891945847,6.440064891945847,1500
"2017-12-19T00:00:00.000Z",11.5333,11.5333,11.5333,11.5333,-0.3666992,-3.0815060895130144,-3.0815060895130144,0
"2017-12-20T00:00:00.000Z",12.5,12.52,12.5,12.52,0.9867001,8.555227979461455,8.555227979461455,1000
"2017-12-21T00:00:00.000Z",11.52,11.52,11.52,11.52,-1,-7.987220447284344,-7.987220447284344,0
"2017-12-22T00:00:00.000Z",11.8,12.5,11.8,12.5,0.9799995,8.50693973494185,8.50693973494185,1000
"2017-12-26T00:00:00.000Z",13.13,13.13,13.13,13.13,0.6300001,5.040000840320006,5.040000840320006,500
"2017-12-27T00:00:00.000Z",14,14.05,14,14.05,0.9200001,7.006855346586864,7.006855346586864,1500
"2017-12-28T00:00:00.000Z",14.9,14.9,14.9,14.9,0.8499994,6.049817535239108,6.049817535239108,500
"2017-12-29T00:00:00.000Z",15.75,15.75,15.05,15.05,0.1500006,1.0067154767804891,1.0067154767804891,1500
"2018-01-02T00:00:00.000Z",14.05,14.05,14.05,14.05,-1,-6.644518272425248,-6.644518272425248,1500
"2018-01-04T00:00:00.000Z",13.05,13.05,13.05,13.05,-1,-7.117437722419928,-7.117437722419928,500
"2018-01-05T00:00:00.000Z",14,14,14,14,0.9499998,7.27969184245683,7.27969184245683,500
"2018-01-11T00:00:00.000Z",14.9,14.9,14.9,14.9,0.8999996,6.428568387755189,6.428568387755189,500
"2018-01-12T00:00:00.000Z",13.9,15,13.9,15,0.1000004,0.6711436421783529,0.6711436421783529,1500
"2018-01-15T00:00:00.000Z",14,14,14,14,-1,-6.666666666666667,-6.666666666666667,500
"2018-01-19T00:00:00.000Z",13.9992,13.9992,13.9992,13.9992,-0.0008001328,-0.005715234231501207,-0.005715234231501207,0
"2018-01-22T00:00:00.000Z",13.9545,13.9545,13.9545,13.9545,-0.04469967,-0.3193016104755651,-0.3193016104755651,0
"2018-01-29T00:00:00.000Z",14.8,14.8,14.8,14.8,0.8455,6.058977390805833,6.058977390805833,500
"2018-01-30T00:00:00.000Z",14.99,14.99,13.8,13.8,-1,-6.756756756756756,-6.756756756756756,6000
"2018-01-31T00:00:00.000Z",12.8,12.8,12.8,12.8,-1,-7.246376811594203,-7.246376811594203,2500
"2018-02-01T00:00:00.000Z",11.8,11.8,11.8,11.8,-1,-7.8125,-7.8125,3500
"2018-02-02T00:00:00.000Z",12.65,12.65,12.65,12.65,0.8499994,7.203384379488929,7.203384379488929,500
"2018-02-08T00:00:00.000Z",11.65,11.65,11.65,11.65,-1,-7.905138339920949,-7.905138339920949,5000
"2018-02-09T00:00:00.000Z",11.65,11.65,11.65,11.65,0,0,0,1000
"2018-03-05T00:00:00.000Z",12,12,12,12,0.3500004,3.0042953821217298,3.0042953821217298,500
"2018-03-13T00:00:00.000Z",11,11,11,11,-1,-8.333333333333332,-8.333333333333332,500
"2018-03-16T00:00:00.000Z",10,10,10,10,-1,-9.090909090909092,-9.090909090909092,2000
"2018-03-19T00:00:00.000Z",10.01,10.01,10.01,10.01,0.01000023,0.10000230230005294,0.10000230230005294,500
"2018-03-30T00:00:00.000Z",11,11,11,11,0.9899998,9.890107694503342,9.890107694503342,500
"2018-04-04T00:00:00.000Z",12,12,10,10.1,-0.8999996,-8.181814842975086,-8.181814842975086,7000
"2018-04-05T00:00:00.000Z",10.98,10.98,10.98,10.98,0.8799992,8.712862676208896,8.712862676208896,500
"2018-04-06T00:00:00.000Z",11.4,11.4,11.4,11.4,0.4200001,3.8251375576059883,3.8251375576059883,500
"2018-04-09T00:00:00.000Z",11.1813,11.1813,11.1813,11.1813,-0.2186995,-1.9184167508077523,-1.9184167508077523,0
"2018-04-10T00:00:00.000Z",12.17,12.17,12.17,12.17,0.9886999,8.84244131860838,8.84244131860838,500
"2018-04-11T00:00:00.000Z",12.0483,12.0483,12.0483,12.0483,-0.1217003,-1.00000244042722,-1.00000244042722,0
"2018-04-12T00:00:00.000Z",11.5,11.5,11.5,11.5,-0.5482998,-4.550847912997649,-4.550847912997649,500
"2018-04-23T00:00:00.000Z",11,11,11,11,-0.5,-4.3478260869565215,-4.3478260869565215,500
"2018-04-25T00:00:00.000Z",10,10,10,10,-1,-9.090909090909092,-9.090909090909092,2500
"2018-04-26T00:00:00.000Z",9.75,9.75,9.5,9.5,-0.5,-5,-5,7000
"2018-06-05T00:00:00.000Z",10.5,10.5,10.5,10.5,1,10.526315789473683,10.526315789473683,500
"2018-06-14T00:00:00.000Z",11,11,11,11,0.5,4.761904761904762,4.761904761904762,500
"2018-06-25T00:00:00.000Z",10.9,10.9,10.9,10.9,-0.1000004,-0.909094512396563,-0.909094512396563,0
"2018-06-26T00:00:00.000Z",10.675,10.675,10.675,10.675,-0.2249994,-2.064214792525585,-2.064214792525585,0
"2018-06-27T00:00:00.000Z",11,11,11,11,0.3249998,3.0444945565434276,3.0444945565434276,1500
"2018-06-28T00:00:00.000Z",10.95,10.95,10.95,10.95,-0.05000019,-0.4545471739669124,-0.4545471739669124,1500
"2018-06-29T00:00:00.000Z",11.95,11.95,11.95,11.95,1,9.132420091324201,9.132420091324201,500
"2018-07-05T00:00:00.000Z",12.94,12.94,12.94,12.94,0.9899998,8.284517016158711,8.284517016158711,500
"2018-08-07T00:00:00.000Z",13.94,13.94,13.94,13.94,1,7.727975270479134,7.727975270479134,500
"2018-09-03T00:00:00.000Z",14.94,14.94,14.94,14.94,1,7.173601147776183,7.173601147776183,500
"2018-11-22T00:00:00.000Z",13,13,13,13,-0.6899996,-5.040172535870637,-5.040172535870637,500
"2018-12-12T00:00:00.000Z",12.5,12.5,12,12,-1,-7.6923076923076925,-7.6923076923076925,1500
"2019-02-18T00:00:00.000Z",11.75,11.75,11.75,11.75,-0.25,-2.083333333333333,-2.083333333333333,0
"2019-02-19T00:00:00.000Z",11.7,11.7,11.7,11.7,-0.05000019,-0.42553352503392594,-0.42553352503392594,0
"2019-02-20T00:00:00.000Z",11.7,11.7,11.7,11.7,0,0,0,500
"2019-03-25T00:00:00.000Z",11,11,11,11,-0.6999998,-5.982904375776142,-5.982904375776142,1500
"2019-03-29T00:00:00.000Z",12,12,12,12,1,9.090909090909092,9.090909090909092,500
"2019-04-01T00:00:00.000Z",13,13,13,12,0,0,0,500
"2019-04-02T00:00:00.000Z",13,13,13,13,1,8.333333333333332,8.333333333333332,500
"2019-04-03T00:00:00.000Z",12.99,12.99,12.99,12.99,-0.01000023,-0.07692484479286814,-0.07692484479286814,500
"2019-04-04T00:00:00.000Z",13.99,13.99,13.99,13.99,1,7.698229407236336,7.698229407236336,500
"2019-04-08T00:00:00.000Z",13.75,13.75,13,13,-0.9899998,-7.076481873859642,-7.076481873859642,1000
"2019-04-09T00:00:00.000Z",13.99,13.99,13.99,13.99,0.9899998,7.615382959763338,7.615382959763338,500
"2019-05-10T00:00:00.000Z",13,13,13,13,-0.9899998,-7.076481873859642,-7.076481873859642,500
"2019-09-20T00:00:00.000Z",13.9,13.9,13.9,13.9,0.8999996,6.9230736331361955,6.9230736331361955,500
"2019-10-31T00:00:00.000Z",13.2,13.2,13.2,13.2,0.05000019,0.380229587242861,0.380229587242861,0
"2020-01-20T00:00:00.000Z",14,14,14,14,0.8000002,6.060607667584965,6.060607667584965,0
"2020-02-10T00:00:00.000Z",13.25,13.25,13.25,13.25,-0.75,-5.357142857142857,-5.357142857142857,3000
"2020-03-05T00:00:00.000Z",13,13,13,13,-0.25,-1.8867924528301887,-1.8867924528301887,0
"2020-06-01T00:00:00.000Z",12.5714,12.5714,12.5714,12.5714,-0.4286003,-3.2969253085324923,-3.2969253085324923,0
"2020-06-03T00:00:00.000Z",12,12,12,12,-0.5713997,-4.545235324909762,-4.545235324909762,0
"2020-07-09T00:00:00.000Z",11.15,12,11.01,12,0,0,0,13500
"2020-07-10T00:00:00.000Z",11.1,13,11,12.99,0.9899998,8.249998195833363,8.249998195833363,12500
"2020-07-13T00:00:00.000Z",12,12.89,11.99,12.89,-0.09999943,-0.7698185865124398,-0.7698185865124398,3500
"2020-07-15T00:00:00.000Z",13.85,13.85,13.85,13.85,0.96,7.447633824670287,7.447633824670287,500
"2020-07-16T00:00:00.000Z",14.05,14.85,14.05,14.85,1,7.2202166064981945,7.2202166064981945,1000
"2020-07-17T00:00:00.000Z",13.74,15.9,13.74,15.9,1.049999,7.070699860558931,7.070699860558931,5500
"2020-07-20T00:00:00.000Z",14.965,14.965,14.965,14.965,-0.9349995,-5.88050018492139,-5.88050018492139,0
"2020-07-21T00:00:00.000Z",14.2233,14.2233,14.2233,14.2233,-0.7417002,-4.956232476361745,-4.956232476361745,0
"2020-07-22T00:00:00.000Z",15.2,15.2,15.2,15.2,0.9766998,6.866899989919359,6.866899989919359,500
"2020-07-24T00:00:00.000Z",14.06,14.06,14.06,14.06,-1.139999,-7.499993914473284,-7.499993914473284,0
"2020-08-06T00:00:00.000Z",15,15,15,15,0.9399996,6.685629966269419,6.685629966269419,500
"2020-08-11T00:00:00.000Z",13.88,13.88,13.88,15,0,0,0,500
"2020-08-19T00:00:00.000Z",14.814,14.814,14.814,14.814,-0.1859999,-1.2399993415999955,-1.2399993415999955,0
"2020-08-21T00:00:00.000Z",14.8,14.8,14.8,14.8,-0.01399994,-0.09450479314636746,-0.09450479314636746,0
"2020-08-24T00:00:00.000Z",13.9638,13.9638,13.9638,13.9638,-0.8361998,-5.649998724999983,-5.649998724999983,0
"2020-08-26T00:00:00.000Z",13.76,13.76,13.76,13.76,-0.2038002,-1.4594895163280837,-1.4594895163280837,0
"2020-08-27T00:00:00.000Z",13.744,13.744,13.744,13.744,-0.01599979,-0.11627754537923579,-0.11627754537923579,0
"2020-09-01T00:00:00.000Z",13.69,13.69,13.69,13.74,-0.004000664,-0.02910843864027916,-0.02910843864027916,2500
"2020-09-16T00:00:00.000Z",12.72,12.72,12.72,12.72,-1.02,-7.423580786026202,-7.423580786026202,1000
"2020-09-18T00:00:00.000Z",11.75,13.48,11.75,13.2,0.4799995,3.7735808265101882,3.7735808265101882,2500
"2020-10-07T00:00:00.000Z",12.25,13.9,12.25,13.9,0.6999998,5.303028707529868,5.303028707529868,2000
"2020-10-14T00:00:00.000Z",13.05,14.7,13.05,14.7,0.8000002,5.7553972051136295,5.7553972051136295,2000
"2020-11-19T00:00:00.000Z",13.5,15.48,13.5,15.48,1.03,7.1280276816609,7.1280276816609,2000
"2020-11-25T00:00:00.000Z",14.7733,14.7733,14.7733,14.7733,-0.7066994,-4.5652417790145385,-4.5652417790145385,0
"2020-11-26T00:00:00.000Z",14.6667,14.6667,14.6667,14.6667,-0.1065998,-0.721570681182548,-0.721570681182548,0
"2020-11-27T00:00:00.000Z",15.46,15.49,15.46,15.49,0.8232994,5.613392012652116,5.613392012652116,1000
"2020-12-01T00:00:00.000Z",15.96,15.99,14.33,14.33,-1.16,-7.48870238863783,-7.48870238863783,7000
"2020-12-02T00:00:00.000Z",15.36,15.4,13.26,13.26,-1.07,-7.4668527564549905,-7.4668527564549905,5000
"2020-12-04T00:00:00.000Z",12.3,12.3,12.26,12.26,-1,-7.541478129713424,-7.541478129713424,4000
"2020-12-18T00:00:00.000Z",11.3,11.3,11.3,11.3,-0.96,-7.830342577487764,-7.830342577487764,500
"2020-12-21T00:00:00.000Z",12.25,12.3,12.25,12.3,1,8.849557522123893,8.849557522123893,1500
"2020-12-29T00:00:00.000Z",11.3,11.3,11.3,11.3,-1,-8.130081300813007,-8.130081300813007,1000
"2021-01-01T00:00:00.000Z",11.3,11.3,11.3,11.3,0,0,0,500
"2021-01-04T00:00:00.000Z",11.3,11.3,11.3,11.3,0,0,0,500
"2021-01-05T00:00:00.000Z",11.3,11.3,11,11,-0.3000002,-2.6548689795598412,-2.6548689795598412,1000
"2021-01-14T00:00:00.000Z",10.25,10.5,10.25,10.5,-0.5,-4.545454545454546,-4.545454545454546,1000
"2021-01-15T00:00:00.000Z",11.5,11.5,9.5,9.52,-0.9799995,-9.333329015872811,-9.333329015872811,1500
"2021-01-18T00:00:00.000Z",10.3,10.3,10.3,10.3,0.7799997,8.19327390147246,8.19327390147246,500
"2021-01-22T00:00:00.000Z",10,10,10,10,-0.3000002,-2.9126232444150824,-2.9126232444150824,1000
"2021-01-27T00:00:00.000Z",10.55,10.55,10.55,10.55,0.5500002,5.500002110000042,5.500002110000042,1000
"2021-02-16T00:00:00.000Z",10,10,10,10,-0.5500002,-5.213271939084893,-5.213271939084893,500
"2021-02-18T00:00:00.000Z",9.5,9.5,9.5,9.5,-0.5,-5,-5,1000
"2021-02-24T00:00:00.000Z",10.5,10.5,10.5,9.5,0,0,0,500
"2021-03-30T00:00:00.000Z",8.51,8.51,8.51,8.51,-0.9899998,-10.421050745706333,-10.421050745706333,500
"2021-03-31T00:00:00.000Z",8.05,8.51,8.05,8.05,-0.46,-5.405405405405404,-5.405405405405404,2000
"2021-04-01T00:00:00.000Z",7.7,7.7,7.7,7.7,-0.3500004,-4.347830839859337,-4.347830839859337,500
"2021-04-05T00:00:00.000Z",7.36,7.36,7.36,7.36,-0.3399997,-4.415580691516131,-4.415580691516131,500
"2021-04-09T00:00:00.000Z",7.38,7.38,7.38,7.38,0.01999998,0.27173885795723135,0.27173885795723135,0
"2021-04-12T00:00:00.000Z",8.38,8.38,8.38,8.38,1,13.550135501355012,13.550135501355012,0
"2021-04-13T00:00:00.000Z",8.35,8.35,8.35,8.35,-0.02999973,-0.3579920163076187,-0.3579920163076187,1000
"2021-04-16T00:00:00.000Z",8.35,8.35,8.35,8.35,0,0,0,9000
"2021-04-19T00:00:00.000Z",8.35,8.35,8.35,8.35,0,0,0,12000
"2021-04-20T00:00:00.000Z",8.35,8.35,8.35,8.35,0,0,0,9000
"2021-04-21T00:00:00.000Z",7.76,8.35,7.76,7.76,-0.5900002,-7.065870489440227,-7.065870489440227,15500
"2021-04-22T00:00:00.000Z",7.51,7.51,7.51,7.51,-0.25,-3.221649484536083,-3.221649484536083,500
"2021-05-31T00:00:00.000Z",8.49,8.51,8.49,8.51,1,13.315579227696405,13.315579227696405,4500
"2021-06-02T00:00:00.000Z",8.51,8.51,8.51,8.51,0,0,0,73000
"2021-06-03T00:00:00.000Z",9.5,9.51,8.51,9.51,1,11.750881316098708,11.750881316098708,31500
"2021-06-04T00:00:00.000Z",9.02,9.51,9.01,9.02,-0.4899998,-5.152469088380003,-5.152469088380003,49000
"2021-06-07T00:00:00.000Z",9.02,9.02,9.02,9.02,0,0,0,8000
"2021-06-08T00:00:00.000Z",8.3,9.02,8.3,8.66,-0.3600006,-3.9911372067979687,-3.9911372067979687,14000
"2021-06-09T00:00:00.000Z",8.04,8.04,8.03,8.04,-0.6199999,-7.159352276666888,-7.159352276666888,1000
"2021-06-10T00:00:00.000Z",8.3,8.35,8.18,8.3,0.2600002,3.2338334137769507,3.2338334137769507,30500
"2021-06-11T00:00:00.000Z",8.35,8.35,8.32,8.32,0.0199995,0.2409578168097701,0.2409578168097701,2000
"2021-06-14T00:00:00.000Z",7.91,8.2,7.91,8.17,-0.1499996,-1.802879894369226,-1.802879894369226,6500
"2021-06-16T00:00:00.000Z",7.71,7.71,7.7,7.71,-0.46,-5.6303549571603435,-5.6303549571603435,1000
"2021-06-17T00:00:00.000Z",7,8.47,7,8,0.29,3.761348897535668,3.761348897535668,3500
"2021-06-23T00:00:00.000Z",8.48,8.48,7.3,7.3,-0.6999998,-8.749997718749942,-8.749997718749942,3500
"2021-06-24T00:00:00.000Z",7.75,7.75,7.75,7.75,0.4499998,6.164380653030667,6.164380653030667,1500
"2021-06-25T00:00:00.000Z",8.46,8.46,7.52,7.52,-0.23,-2.967741935483871,-2.967741935483871,3500
"2021-07-05T00:00:00.000Z",7.61,7.99,6.53,7.99,0.4699998,6.2499971742022025,6.2499971742022025,25500
"2021-07-06T00:00:00.000Z",8.45,8.49,7.1,7.31,-0.6799998,-8.510636007775622,-8.510636007775622,29500
"2021-07-07T00:00:00.000Z",7.35,7.35,7.12,7.12,-0.1900001,-2.599180538998898,-2.599180538998898,21000
"2021-07-08T00:00:00.000Z",7.14,7.14,7.12,7.12,0,0,0,9000
"2021-07-12T00:00:00.000Z",7.02,7.1,7,7.05,-0.06999969,-0.9831417562884753,-0.9831417562884753,10000
"2021-07-13T00:00:00.000Z",6.75,7.2,6.75,7.18,0.1299996,1.8439658528246323,1.8439658528246323,23000
"2021-07-14T00:00:00.000Z",7.12,7.12,7.01,7.01,-0.1699996,-2.367682583157804,-2.367682583157804,4000
"2021-07-15T00:00:00.000Z",6.95,6.95,6.95,6.95,-0.06000042,-0.8559260542811779,-0.8559260542811779,500
"2021-07-26T00:00:00.000Z",7,7,7,7,0.05000019,0.7194272139123987,0.7194272139123987,1000
"2021-07-27T00:00:00.000Z",7.4,7.4,6.5,6.5,-0.5,-7.142857142857142,-7.142857142857142,3000
"2021-08-02T00:00:00.000Z",7.35,7.35,6.37,6.4,-0.0999999,-1.5384600236686157,-1.5384600236686157,2000
"2021-08-10T00:00:00.000Z",6.25,6.25,6.25,6.25,-0.1500001,-2.343751525878883,-2.343751525878883,500
"2021-08-16T00:00:00.000Z",7.2,7.2,6.32,6.33,0.07999992,1.2799987036160165,1.2799987036160165,5500
"2021-08-17T00:00:00.000Z",7.15,7.15,7.15,7.15,0.8200002,12.954189982754816,12.954189982754816,500
"2021-08-20T00:00:00.000Z",7.6,7.6,6.45,7.03,-0.1199999,-1.6783203031932912,-1.6783203031932912,1000
"2021-08-23T00:00:00.000Z",6.64,6.95,6.51,6.66,-0.3700004,-5.263163285168519,-5.263163285168519,17000
"2021-08-24T00:00:00.000Z",7.39,7.39,7,7.12,0.46,6.906906906906906,6.906906906906906,2000
"2021-08-25T00:00:00.000Z",7.85,7.85,6.9,7.17,0.05000019,0.702249878290376,0.702249878290376,5000
"2021-08-26T00:00:00.000Z",7.29,7.29,7.29,7.29,0.1199999,1.6736387493216356,1.6736387493216356,500
"2021-08-27T00:00:00.000Z",7.49,7.49,6.29,6.5,-0.79,-10.836762688614542,-10.836762688614542,2500
"2021-08-30T00:00:00.000Z",7.15,7.19,6.98,6.98,0.48,7.384615384615384,7.384615384615384,3000
"2021-08-31T00:00:00.000Z",7.87,7.87,6.88,6.88,-0.0999999,-1.4326633443074979,-1.4326633443074979,2000
"2021-09-01T00:00:00.000Z",7.85,7.88,7.2,7.25,0.3699999,5.377905445088584,5.377905445088584,4000
"2021-09-02T00:00:00.000Z",6.41,7.48,6.4,7.48,0.23,3.1724137931034484,3.1724137931034484,3500
"2021-09-03T00:00:00.000Z",7.49,7.49,7.49,7.49,0.009999752,0.13368651963178382,0.13368651963178382,2000
"2021-09-08T00:00:00.000Z",6.55,6.55,6.55,6.55,-0.9399996,-12.55006208545058,-12.55006208545058,500
"2021-09-10T00:00:00.000Z",7.35,7.39,7.15,7.25,0.6999998,10.687019521007036,10.687019521007036,2500
"2021-09-15T00:00:00.000Z",6.6,6.66,6.5,6.66,-0.5900002,-8.137933568608728,-8.137933568608728,1500
"2021-09-22T00:00:00.000Z",5.7,5.7,5.7,5.7,-0.96,-14.414414414414415,-14.414414414414415,500
"2021-09-23T00:00:00.000Z",5.11,5.7,5.11,5.11,-0.5899997,-10.350872474607323,-10.350872474607323,1000
"2021-09-27T00:00:00.000Z",6.11,6.11,6.11,6.11,1,19.569471624266143,19.569471624266143,500
"2021-09-28T00:00:00.000Z",7,7.11,7,7.11,1,16.366612111292962,16.366612111292962,11500
"2021-09-29T00:00:00.000Z",8.1,8.11,7.12,7.12,0.009999752,0.14064348313929906,0.14064348313929906,60500
"2021-09-30T00:00:00.000Z",6.34,8.1,6.12,7.74,0.6199999,8.707863641743488,8.707863641743488,68500
"2021-10-01T00:00:00.000Z",6.74,7.3,6.74,6.8,-0.9399996,-12.144698302051593,-12.144698302051593,62500
"2021-10-04T00:00:00.000Z",6.9,6.9,6.89,6.9,0.0999999,1.470586743079607,1.470586743079607,15500
"2021-10-05T00:00:00.000Z",6.52,6.52,6.52,6.52,-0.3800001,-5.507247746271772,-5.507247746271772,1000
"2021-10-06T00:00:00.000Z",6.15,6.99,6.15,6.83,0.3099999,4.754599620328227,4.754599620328227,19000
"2021-10-07T00:00:00.000Z",6.41,6.88,6.41,6.85,0.01999998,0.29282547498440564,0.29282547498440564,10500
"2021-10-08T00:00:00.000Z",7.8,7.8,7.8,7.8,0.9500003,13.868618125632912,13.868618125632912,5500
"2021-10-11T00:00:00.000Z",6.82,6.82,6.8,6.8,-1,-12.820512820512823,-12.820512820512823,6500
"2021-10-12T00:00:00.000Z",6.03,6.6,6.03,6.32,-0.48,-7.058823529411764,-7.058823529411764,1000
"2021-10-14T00:00:00.000Z",6.2,6.49,6.2,6.49,0.1699996,2.6898669183628527,2.6898669183628527,1500
"2021-10-18T00:00:00.000Z",6.34,6.34,6.34,6.34,-0.1499996,-2.311242053081174,-2.311242053081174,500
"2021-10-25T00:00:00.000Z",6.34,6.34,6.34,6.34,0,0,0,0
"2021-10-26T00:00:00.000Z",6.2,6.2,6.2,6.2,-0.1400003,-2.208206520116411,-2.208206520116411,1000
"2021-10-27T00:00:00.000Z",6.2,6.2,6.2,6.2,0,0,0,0
"2021-10-28T00:00:00.000Z",6.26,6.26,6.2,6.2,0,0,0,3000
"2021-10-29T00:00:00.000Z",5.81,5.81,5.81,5.81,-0.3899999,-6.290321069198727,-6.290321069198727,500
"2021-11-01T00:00:00.000Z",6.49,6.7,6.49,6.7,0.8899999,15.318414538409389,15.318414538409389,4000
"2021-11-02T00:00:00.000Z",6.3,7.55,5.7,6.74,0.03999996,0.5970143247939443,0.5970143247939443,21000
"2021-11-03T00:00:00.000Z",6.3,6.3,5.74,6.04,-0.6999998,-10.385754017381425,-10.385754017381425,20000
"2021-11-04T00:00:00.000Z",6.85,6.89,5.55,6.27,0.23,3.8079470198675502,3.8079470198675502,36000
"2021-11-05T00:00:00.000Z",5.84,6.3,5.8,6.3,0.03000021,0.4784722648292146,0.4784722648292146,8500
"2021-11-08T00:00:00.000Z",6.6,6.64,6.58,6.58,0.2799997,4.444439470899708,4.444439470899708,1500
"2021-11-09T00:00:00.000Z",6.64,6.64,6.25,6.25,-0.3299999,-5.0151961248510055,-5.0151961248510055,7500
"2021-11-10T00:00:00.000Z",6.85,6.88,6.73,6.73,0.48,7.68,7.68,2500
"2021-11-11T00:00:00.000Z",7.55,7.55,7.55,7.55,0.8200002,12.184252962384932,12.184252962384932,1000
"2021-11-12T00:00:00.000Z",8.4,8.4,6.64,8.08,0.5299997,7.019863297223974,7.019863297223974,2500
"2021-11-15T00:00:00.000Z",7.8307,7.8307,7.8307,7.8307,-0.2493,-3.0853960396039604,-3.0853960396039604,0
"2021-11-16T00:00:00.000Z",7.6665,7.6665,7.6665,7.6665,-0.1641998,-2.0968726192261897,-2.0968726192261897,0
"2021-11-17T00:00:00.000Z",6.67,7.29,6.67,6.67,-0.9965,-12.99810865453597,-12.99810865453597,10500
"2021-11-18T00:00:00.000Z",6.21,6.21,6.01,6.14,-0.5300002,-7.946029746745737,-7.946029746745737,1500
"2021-11-19T00:00:00.000Z",7.14,7.14,6.51,6.99,0.8499999,13.843646354338007,13.843646354338007,10500
"2021-11-22T00:00:00.000Z",6.5,6.69,6.23,6.5,-0.4899998,-7.010011645493895,-7.010011645493895,3000
"2021-11-23T00:00:00.000Z",6.5,6.99,6.21,6.48,-0.01999998,-0.30769200094674465,-0.30769200094674465,6500
"2021-11-24T00:00:00.000Z",6.15,6.81,6.15,6.48,0,0,0,1000
"2021-11-25T00:00:00.000Z",6.96,6.96,6.22,6.45,-0.03000021,-0.4629661887001698,-0.4629661887001698,2500
"2021-11-26T00:00:00.000Z",6.45,6.45,6.05,6.05,-0.3999996,-6.201544570638423,-6.201544570638423,1000
"2021-11-29T00:00:00.000Z",6.1,6.4,5.71,6.05,0,0,0,7000
"2021-11-30T00:00:00.000Z",6.39,6.39,6.39,6.39,0.3399997,5.619829473396886,5.619829473396886,500
"2021-12-01T00:00:00.000Z",6.9,6.9,6.4,6.65,0.2600002,4.068860847225691,4.068860847225691,1000
"2021-12-02T00:00:00.000Z",6,6,5.8,5.8,-0.8499999,-12.781953575668476,-12.781953575668476,1000
"2021-12-03T00:00:00.000Z",6.5,6.5,6.5,6.5,0.6999998,12.068961652794425,12.068961652794425,500
"2021-12-07T00:00:00.000Z",5.65,5.65,5.65,5.65,-0.8499999,-13.076921739644948,-13.076921739644948,500
"2021-12-08T00:00:00.000Z",6.01,6.64,6.01,6.22,0.5699997,10.088489729814706,10.088489729814706,1500
"2021-12-09T00:00:00.000Z",5.71,5.71,5.71,5.71,-0.5099998,-8.199353961394017,-8.199353961394017,500
"2021-12-13T00:00:00.000Z",5.1,5.1,5.1,5.1,-0.6100001,-10.68301382341482,-10.68301382341482,500
"2021-12-14T00:00:00.000Z",6.06,6.06,6.06,6.06,0.96,18.823529411764707,18.823529411764707,1000
"2021-12-15T00:00:00.000Z",6.6,6.6,6.51,6.54,0.48,7.92079207920792,7.92079207920792,1500
"2021-12-16T00:00:00.000Z",6.6,6.65,5.91,6.39,-0.1500001,-2.2935794756333414,-2.2935794756333414,5000
"2021-12-17T00:00:00.000Z",6.5,6.97,5.95,6.47,0.07999992,1.2519549139035377,1.2519549139035377,2000
"2021-12-20T00:00:00.000Z",6.47,6.47,6.47,6.47,0,0,0,500
"2021-12-22T00:00:00.000Z",6.01,6.01,5.7,5.86,-0.6099997,-9.428125630361311,-9.428125630361311,1000
"2021-12-23T00:00:00.000Z",6,6.5,6,6.5,0.6399999,10.921499813626284,10.921499813626284,3500
"2021-12-28T00:00:00.000Z",5.9,6.5,5.6,5.75,-0.75,-11.538461538461538,-11.538461538461538,4500
"2021-12-29T00:00:00.000Z",5.76,5.76,5.76,5.76,0.01000023,0.1739170504349429,0.1739170504349429,1500
"2021-12-30T00:00:00.000Z",5.55,6.3,5.55,6.3,0.54,9.375000000000002,9.375000000000002,1000
"2021-12-31T00:00:00.000Z",5.5,6.5,5.5,6.5,0.1999998,3.174599899219051,3.174599899219051,13000
"2022-01-03T00:00:00.000Z",5.85,5.85,5.81,5.83,-0.6700001,-10.307693687573941,-10.307693687573941,1000
"2022-01-07T00:00:00.000Z",6.79,6.79,6.79,6.79,0.96,16.46655231560892,16.46655231560892,500
"2022-01-10T00:00:00.000Z",5.91,5.91,5.91,5.91,-0.8800001,-12.960236922529647,-12.960236922529647,500
"2022-02-03T00:00:00.000Z",6.65,6.65,5.5,5.5,-0.4099998,-6.937391097712052,-6.937391097712052,1000
"2022-02-07T00:00:00.000Z",5.61,5.61,5.61,5.61,0.1100001,2.000001854545488,2.000001854545488,500
"2022-02-14T00:00:00.000Z",5.3,6.6,5.3,6.6,0.9899998,17.647054629338516,17.647054629338516,9500
"2022-02-15T00:00:00.000Z",7.15,7.15,5.71,6.83,0.23,3.4848484848484853,3.4848484848484853,2500
"2022-02-17T00:00:00.000Z",5.83,5.91,5.83,5.83,-1,-14.641288433382138,-14.641288433382138,5500
"2022-02-22T00:00:00.000Z",6.49,6.49,6.49,6.49,0.6599998,11.320750898087447,11.320750898087447,500
"2022-02-23T00:00:00.000Z",6.95,6.95,6.95,6.95,0.46,7.0878274268104775,7.0878274268104775,500
"2022-02-24T00:00:00.000Z",6.94,6.94,6.94,6.94,-0.009999752,-0.14388132887518987,-0.14388132887518987,500
"2022-02-25T00:00:00.000Z",7.4,7.4,7.4,7.4,0.46,6.628242074927954,6.628242074927954,500
"2022-02-28T00:00:00.000Z",7.2167,7.2167,7.2167,7.2167,-0.1833,-2.477027027027027,-2.477027027027027,0
"2022-03-01T00:00:00.000Z",7.2167,7.2167,7.2167,7.22,0.003299713,0.045723292762261836,0.045723292762261836,10500
"2022-03-02T00:00:00.000Z",6.22,6.94,6.22,6.7,-0.52,-7.202216066481994,-7.202216066481994,17500
"2022-03-03T00:00:00.000Z",6.49,6.49,6.49,6.49,-0.21,-3.134328358208955,-3.134328358208955,500
"2022-03-04T00:00:00.000Z",5.55,5.55,5.55,5.55,-0.9399996,-14.4838159928392,-14.4838159928392,500
"2022-03-10T00:00:00.000Z",5.7,5.7,5.7,5.7,0.1499996,2.702695300706645,2.702695300706645,1500
"2022-03-22T00:00:00.000Z",5.02,5.02,5.02,5.02,-0.6799998,-11.929821471221807,-11.929821471221807,500
"2022-03-24T00:00:00.000Z",5.33,5.46,5.33,5.46,0.4400001,8.764942405676143,8.764942405676143,1500
"2022-04-05T00:00:00.000Z",5.11,5.46,5.11,5.11,-0.3499999,-6.41025469615851,-6.41025469615851,500
"2022-04-12T00:00:00.000Z",6.11,6.11,6.11,6.11,1,19.569471624266143,19.569471624266143,500
"2022-04-13T00:00:00.000Z",5.62,7,5.62,6.63,0.52,8.510638297872342,8.510638297872342,2000
"2022-04-14T00:00:00.000Z",6.65,7.54,6.65,6.94,0.3099999,4.675714861603094,4.675714861603094,1500
"2022-04-19T00:00:00.000Z",6.01,6.01,6.01,6.01,-0.9299998,-13.400573873215386,-13.400573873215386,500
"2022-05-09T00:00:00.000Z",5.28,5.28,5.28,5.28,-0.73,-12.146422628951747,-12.146422628951747,500
"2022-05-11T00:00:00.000Z",5,5,5,5,-0.2800002,-5.303033890036595,-5.303033890036595,500
"2022-05-19T00:00:00.000Z",5.25,6,5.25,6,1,20,20,5000
"2022-06-01T00:00:00.000Z",5.32,6,5.32,5.32,-0.6799998,-11.33333037777768,-11.33333037777768,5500
"2022-06-16T00:00:00.000Z",5.01,6.1,5.01,6.1,0.7799997,14.66164766945596,14.66164766945596,1000
"2022-08-02T00:00:00.000Z",5.11,5.11,5.11,5.11,-0.9899998,-16.22950545014772,-16.22950545014772,1500
"2022-08-10T00:00:00.000Z",6.11,6.11,6.11,6.11,1,19.569471624266143,19.569471624266143,500
"2022-08-11T00:00:00.000Z",6,6,5.26,5.47,-0.6400003,-10.474636146908209,-10.474636146908209,3500
"2022-08-15T00:00:00.000Z",6.44,6.45,5.36,6.08,0.6100001,11.15173877791113,11.15173877791113,1500
"2022-08-16T00:00:00.000Z",5.46,6.08,5.46,6,-0.07999992,-1.3157881752077394,-1.3157881752077394,11000
"2022-09-22T00:00:00.000Z",5.21,5.21,5.21,5.21,-0.79,-13.166666666666668,-13.166666666666668,500
"2022-09-23T00:00:00.000Z",5.01,6.2,5.01,5.79,0.5799999,11.13243548690143,11.13243548690143,3500
"2022-09-26T00:00:00.000Z",5.25,5.25,5.25,5.25,-0.54,-9.326424870466322,-9.326424870466322,500
"2022-09-28T00:00:00.000Z",5.35,5.35,5.35,5.35,0.0999999,1.9047599637188581,1.9047599637188581,500
"2022-09-29T00:00:00.000Z",5.5,5.5,5.5,5.5,0.1500001,2.8037402393222473,2.8037402393222473,1000
"2022-09-30T00:00:00.000Z",6.48,6.48,6.48,6.48,0.98,17.81818181818182,17.81818181818182,1000
"2022-10-04T00:00:00.000Z",7.44,7.44,7.44,7.44,0.96,14.814814814814813,14.814814814814813,500
"2022-10-05T00:00:00.000Z",7.94,7.94,6.44,6.44,-1,-13.440860215053762,-13.440860215053762,3000
"2022-10-06T00:00:00.000Z",5.65,5.65,5.63,5.64,-0.8000002,-12.422362968249598,-12.422362968249598,1500
"2022-10-07T00:00:00.000Z",5.7,5.7,5.65,5.65,0.01000023,0.17730904978387968,0.17730904978387968,1500
"2022-10-11T00:00:00.000Z",5.15,5.15,5.15,5.15,-0.5,-8.849557522123893,-8.849557522123893,500
"2022-10-17T00:00:00.000Z",5.88,5.88,5.88,5.88,0.73,14.174757281553397,14.174757281553397,500
"2022-10-19T00:00:00.000Z",5.85,5.89,5.2,5.61,-0.27,-4.591836734693877,-4.591836734693877,3000
"2022-10-25T00:00:00.000Z",5.01,5.01,5.01,5.01,-0.5999999,-10.695185573889226,-10.695185573889226,500
"2022-11-04T00:00:00.000Z",5.95,5.95,5.03,5.03,0.01999998,0.3992011960111728,0.3992011960111728,1000
"2022-11-07T00:00:00.000Z",5.15,5.68,5.1,5.68,0.6499996,12.92245622883052,12.92245622883052,6000
"2022-11-08T00:00:00.000Z",6.4,6.68,6.39,6.68,1,17.605633802816904,17.605633802816904,32500
"2022-11-10T00:00:00.000Z",7.48,7.68,6.68,7.68,1,14.970059880239523,14.970059880239523,44000
"2022-11-11T00:00:00.000Z",8.67,8.68,8,8.68,1,13.020833333333334,13.020833333333334,19000
"2022-11-14T00:00:00.000Z",9.66,9.68,9.64,9.68,1,11.52073732718894,11.52073732718894,74000
"2022-11-15T00:00:00.000Z",10.3,10.68,10.3,10.68,1,10.330578512396695,10.330578512396695,24500
"2022-11-16T00:00:00.000Z",11.64,11.68,9.68,9.68,-1,-9.363295880149813,-9.363295880149813,135000
"2022-11-17T00:00:00.000Z",10.47,10.47,8.74,9.28,-0.4000006,-4.132237347175371,-4.132237347175371,30500
"2022-11-18T00:00:00.000Z",8.4,8.82,8.4,8.61,-0.6700001,-7.219828585993228,-7.219828585993228,8500
"2022-11-21T00:00:00.000Z",8.96,9.25,8.8,9.25,0.6400003,7.433220932632553,7.433220932632553,4500
"2022-11-22T00:00:00.000Z",8.31,8.6,8.31,8.6,-0.6499996,-7.02702300657397,-7.02702300657397,1000
"2022-11-23T00:00:00.000Z",9.29,9.29,8.5,8.5,-0.1000004,-1.1627952947537072,-1.1627952947537072,2000
"2022-11-24T00:00:00.000Z",9.25,9.47,9.24,9.24,0.7399998,8.705879795155768,8.705879795155768,11500
"2022-11-25T00:00:00.000Z",9.4,9.4,8.7,8.7,-0.54,-5.844155844155845,-5.844155844155845,3500
"2022-11-28T00:00:00.000Z",8.6,8.6,7.86,8.07,-0.6300001,-7.241380376535857,-7.241380376535857,8000
"2022-11-29T00:00:00.000Z",8.5,9.07,8.5,9.07,1,12.391573729863692,12.391573729863692,9500
"2022-11-30T00:00:00.000Z",9.6,10.07,9.25,10.05,0.9800005,10.8048572659789,10.8048572659789,38500
"2022-12-01T00:00:00.000Z",10.45,10.45,9.71,9.74,-0.3100004,-3.0845809717579713,-3.0845809717579713,9000
"2022-12-02T00:00:00.000Z",9.01,10,9.01,9.23,-0.5100002,-5.236141576259926,-5.236141576259926,5500
"2022-12-05T00:00:00.000Z",9.86,10.23,9.38,10,0.7700005,8.342367732522629,8.342367732522629,9500
"2022-12-06T00:00:00.000Z",9.47,11,9.41,10.92,0.9200001,9.20000109200001,9.20000109200001,36500
"2022-12-07T00:00:00.000Z",9.1,9.99,8.92,9.15,-0.7700005,-7.762101423281178,-7.762101423281178,38000
"2022-12-08T00:00:00.000Z",9.19,9.49,8.5,9,-0.1499996,-1.6393399623755178,-1.6393399623755178,6000
"2022-12-12T00:00:00.000Z",8.1,8.1,8.1,8.1,-0.8999996,-9.999995999999824,-9.999995999999824,500
"2022-12-13T00:00:00.000Z",8.8,8.8,7.11,7.52,-0.5800004,-7.160498411827239,-7.160498411827239,3500
"2022-12-14T00:00:00.000Z",7.5,8.05,7.5,7.56,0.03999996,0.531914358872796,0.531914358872796,3500
"2022-12-21T00:00:00.000Z",6.58,6.58,6.58,6.58,-0.98,-12.962962962962962,-12.962962962962962,500
"2022-12-22T00:00:00.000Z",5.7,5.7,5.7,5.7,-0.8800001,-13.373861498877485,-13.373861498877485,500
"2022-12-23T00:00:00.000Z",6.7,6.7,5.61,5.61,-0.08999968,-1.5789418430283138,-1.5789418430283138,2000
"2022-12-26T00:00:00.000Z",6.45,6.6,6.4,6.6,0.9899998,17.647054629338516,17.647054629338516,2500
"2023-01-02T00:00:00.000Z",5.85,5.85,5.85,5.85,-0.75,-11.363636363636365,-11.363636363636365,500
"2023-01-04T00:00:00.000Z",6.2,6.2,6.2,6.2,0.3499999,5.9829041712324065,5.9829041712324065,500
"2023-01-09T00:00:00.000Z",5.3,5.3,5.3,5.3,-0.8999996,-14.51612351716926,-14.51612351716926,500
"2023-01-10T00:00:00.000Z",6.3,6.3,6.3,6.3,1,18.867924528301888,18.867924528301888,500
"2023-01-13T00:00:00.000Z",5.65,5.65,5.65,5.65,-0.6500001,-10.31746174099267,-10.31746174099267,500
"2023-01-24T00:00:00.000Z",6.5,6.65,5,6.47,0.8199997,14.51326825593266,14.51326825593266,52500
"2023-01-25T00:00:00.000Z",7.4,7.45,7.4,7.43,0.96,14.837712519319938,14.837712519319938,1500
"2023-01-27T00:00:00.000Z",8.43,8.43,6.45,6.45,-0.98,-13.189771197846568,-13.189771197846568,1500
"2023-02-01T00:00:00.000Z",7.45,7.45,5.55,5.55,-0.8999996,-13.953483035874918,-13.953483035874918,1000
"2023-02-03T00:00:00.000Z",6.55,6.55,6.55,6.55,1,18.01801801801802,18.01801801801802,500
"2023-02-06T00:00:00.000Z",5.6,7.18,5.6,6.03,-0.52,-7.938931297709923,-7.938931297709923,18500
"2023-02-07T00:00:00.000Z",5.45,5.45,5.45,5.45,-0.5800004,-9.618579793129033,-9.618579793129033,500
"2023-02-13T00:00:00.000Z",6.45,6.45,6.45,6.45,1,18.348623853211006,18.348623853211006,500
"2023-02-16T00:00:00.000Z",5.5,7.44,5.45,7.44,0.9900002,15.348840786010564,15.348840786010564,31000
"2023-02-17T00:00:00.000Z",8.4,8.4,8.25,8.25,0.8099999,10.8870952837756,10.8870952837756,1500
"2023-02-20T00:00:00.000Z",9.2,9.2,7.25,7.25,-1,-12.121212121212121,-12.121212121212121,8500
"2023-02-21T00:00:00.000Z",6.5,7.2,6.25,6.8,-0.4499998,-6.20689396432811,-6.20689396432811,9000
"2023-02-22T00:00:00.000Z",6.81,6.81,6.81,6.81,0.009999752,0.14705517110739966,0.14705517110739966,500
"2023-02-24T00:00:00.000Z",5.91,6.01,5.91,5.96,-0.8499999,-12.48164335509021,-12.48164335509021,1000
"2023-02-27T00:00:00.000Z",5.5,5.5,5.49,5.5,-0.46,-7.718120805369128,-7.718120805369128,1500
"2023-02-28T00:00:00.000Z",5.2,5.2,5.2,5.2,-0.3000002,-5.454548892561858,-5.454548892561858,500
"2023-03-02T00:00:00.000Z",4.76,4.76,4.76,4.76,-0.4399996,-8.461531420117801,-8.461531420117801,1500
"2023-03-06T00:00:00.000Z",5.06,5.76,5.06,5.76,1,21.008403361344538,21.008403361344538,1500
"2023-03-07T00:00:00.000Z",5.03,5.03,5.03,5.03,-0.73,-12.67361111111111,-12.67361111111111,1000
"2023-03-09T00:00:00.000Z",6.03,6.03,6.03,6.03,1,19.880715705765407,19.880715705765407,2000
"2023-03-16T00:00:00.000Z",7.03,7.03,7.03,7.03,1,16.58374792703151,16.58374792703151,5000
"2023-03-17T00:00:00.000Z",6.11,6.11,6.11,6.11,-0.9200001,-13.086772217826853,-13.086772217826853,500
"2023-03-21T00:00:00.000Z",5.65,5.65,5.65,5.65,-0.46,-7.528641571194762,-7.528641571194762,500
"2023-03-22T00:00:00.000Z",6.2,6.2,6.2,6.2,0.5499997,9.734507447725267,9.734507447725267,500
"2023-03-31T00:00:00.000Z",5.31,5.31,5.31,5.31,-0.8899999,-14.354837328303827,-14.354837328303827,500
"2023-04-05T00:00:00.000Z",5.42,5.42,5.42,5.42,0.1100001,2.071565010763936,2.071565010763936,500
"2023-04-28T00:00:00.000Z",6.42,6.42,5,5,-0.4200001,-7.749079192821416,-7.749079192821416,2500
"2023-05-02T00:00:00.000Z",6,6,5.1,6,1,20,20,2000
"2023-05-03T00:00:00.000Z",6.5,7,6.5,6.99,0.9899998,16.499996116666793,16.499996116666793,11500
"2023-05-04T00:00:00.000Z",6.01,7.6,6.01,7.6,0.6100001,8.726754059037969,8.726754059037969,1500
"2023-05-05T00:00:00.000Z",8.45,8.45,6.61,6.64,-0.96,-12.631578947368421,-12.631578947368421,1500
"2023-05-08T00:00:00.000Z",7.6,7.6,5.75,6.25,-0.3899999,-5.873492558335731,-5.873492558335731,3500
"2023-05-09T00:00:00.000Z",5.61,5.61,5.61,5.61,-0.6399999,-10.239998563839976,-10.239998563839976,500
"2023-05-10T00:00:00.000Z",6.6,6.6,5.33,5.33,-0.2800002,-4.99109073115541,-4.99109073115541,1000
"2023-05-11T00:00:00.000Z",6.33,6.33,6.33,6.33,1,18.76172607879925,18.76172607879925,1000
"2023-05-19T00:00:00.000Z",5.55,5.55,5.55,5.55,-0.7799997,-12.322270726173967,-12.322270726173967,500
"2023-05-23T00:00:00.000Z",6.55,6.55,6.55,6.55,1,18.01801801801802,18.01801801801802,4500
"2023-05-24T00:00:00.000Z",5.65,7.25,5.65,6.01,-0.54,-8.244274809160306,-8.244274809160306,2500
"2023-05-25T00:00:00.000Z",6.95,6.95,6.02,6.02,0.009999752,0.16638521775981133,0.16638521775981133,1000
"2023-05-26T00:00:00.000Z",6.98,6.98,6.98,6.98,0.96,15.946843853820598,15.946843853820598,500